1624156380.0939136, -0.18274865089804265, 0.2626803126406225, 4.549111322947269
1624156380.1035063, -0.18162562824867362, 0.26368461278435135, 4.551230879626557
1624156380.1134224, -0.18050102540272045, 0.2646967641883215, 4.553154225883452
1624156380.1235614, -0.17940352111847946, 0.2657295077382464, 4.555251401206734
1624156380.133145, -0.1782753810676991, 0.26682052113171933, 4.557939807578707
1624156380.1433358, -0.17715839691476082, 0.26785472286908574, 4.5585054331172605
1624156380.1533453, -0.17617765192851229, 0.26878661584689384, 4.560467070383176
1624156380.1632555, -0.17550215789552742, 0.26940485257835095, 4.560944658138169
1624156380.1734195, -0.17535388194301552, 0.2694752547382395, 4.561507829671928
1624156380.1833186, -0.1756155363634708, 0.2691295392946032, 4.560419936287841
1624156380.1934562, -0.1762299163498035, 0.2685528045240434, 4.558361365859469
1624156380.2030857, -0.17687462679515348, 0.2679191791635285, 4.553903666085151
1624156380.2132628, -0.17746933822200797, 0.26730531290069115, 4.550287125522833
1624156380.2233958, -0.17793401733948055, 0.26671483180503636, 4.5470302522808055
1624156380.2331564, -0.17833484134448346, 0.2661466538212204, 4.545587448686109
1624156380.243258, -0.1786824232378092, 0.2656736805282608, 4.542992002904413
1624156380.2530866, -0.17916521929026627, 0.26520539280203176, 4.540744989998251
1624156380.263266, -0.17982718106609197, 0.26464406103640264, 4.5382137965802976
1624156380.2731898, -0.1805920729230923, 0.2639886626689719, 4.535607682493431
1624156380.2833571, -0.18137881270006406, 0.2632809675603763, 4.531681629501014
1624156380.2934139, -0.18222147581252224, 0.2624432148379708, 4.5293767745317925
1624156380.3030639, -0.18297383937897443, 0.26162063553378595, 4.5261386209943595
1624156380.3137202, -0.1801864957602652, 0.2751389623271322, 3.722010744422351
1624156380.3236442, -0.18089144578355615, 0.2743298885982769, 3.720424675914529
1624156380.3338335, -0.18169799850759016, 0.27358141058331886, 3.718972978658927
1624156380.3443694, -0.1826031103212899, 0.2728880419773586, 3.716634227263201
1624156380.35379, -0.18358388642892914, 0.2720426812730399, 3.7154679211418853
1624156380.3640237, -0.18452958565661073, 0.27118728879847803, 3.7116362392812863
1624156380.3736126, -0.18540822935343262, 0.2703512853956147, 3.7091298310825955
1624156380.3838131, -0.18622128602989113, 0.26938205704286144, 3.7072869961630133
1624156380.3938692, -0.1870151274978243, 0.2684981333572657, 3.7039431031238506
1624156380.4043524, -0.18778780388461921, 0.26767249609690896, 3.70213137217919
1624156380.4139187, -0.1886544646317786, 0.2668732207514292, 3.7015050634191144
1624156380.424561, -0.18969359242469153, 0.2661300868059935, 3.6980865755141914
1624156380.4335678, -0.19079648239802843, 0.2653217355890525, 3.6964504058524734
1624156380.4439776, -0.1919060704999238, 0.26441058497627495, 3.6944730350796746
1624156380.4536405, -0.19294374839605016, 0.26352723990048205, 3.6921102843529443
1624156380.4636362, -0.1939262316685077, 0.2625923713911621, 3.689358192042539
1624156380.4763296, -0.19490527291178525, 0.2616494775661638, 3.687331234707939
1624156380.4837646, -0.19584976292993647, 0.26067517888318203, 3.6860229065406025
1624156380.4936373, -0.19685328953136144, 0.25979676539399765, 3.682678278756893
1624156380.5038922, -0.19786118008299744, 0.2589985161878994, 3.6808785426653547
1624156380.5134733, -0.198853600386178, 0.25815857326483416, 3.6787635166221975
1624156380.5244107, -0.19986718533779438, 0.2573646719627597, 3.676405221105655
1624156380.533788, -0.20091218558450102, 0.25648382352817733, 3.674213622588262
1624156380.5442135, -0.20200611554551892, 0.2556072075792851, 3.670863175230489
1624156380.5552402, -0.20313782675800338, 0.25471789668796313, 3.669770432420878
1624156380.56425, -0.20425522222409165, 0.2537462145573193, 3.6686510713553915
1624156380.5740533, -0.20531637124984714, 0.252874323882057, 3.665188493277333
1624156380.584472, -0.20642977287283792, 0.2520302067199303, 3.663144944389123
1624156380.5941095, -0.20753645080316122, 0.25109705948181177, 3.662071612441185
1624156380.6039953, -0.20857062183243844, 0.25019654213570264, 3.660263329718554
1624156380.6139095, -0.2097435450701135, 0.2492825361140381, 3.6584625715610875
1624156380.6242082, -0.21087788176803618, 0.24841767161497708, 3.6548295907175103
1624156380.6339483, -0.21199551128521965, 0.2475615932115718, 3.652913726953803
1624156380.6438727, -0.21311228351327044, 0.24665403917949158, 3.6510799528450115
1624156380.6545415, -0.21417752864225542, 0.2457594113500684, 3.64923507998068
1624156380.6643975, -0.21531478451958516, 0.24483893303153367, 3.6479990632823927
1624156380.6749578, -0.2164590991671223, 0.24402800482427142, 3.646201508566159
1624156380.6838772, -0.2177191430796635, 0.24310798192512356, 3.646678399617946
1624156380.6942232, -0.2189734291450113, 0.24219593998372452, 3.6447311103377675
1624156380.7039165, -0.22031472455063167, 0.24128707857547574, 3.6421396397892716
1624156380.7142243, -0.22161344341440167, 0.24027237401969997, 3.6410281157517916
1624156380.7239587, -0.22286688086029796, 0.23926601483592214, 3.6398383142225037
1624156380.7342782, -0.22412896443487199, 0.23833104019006857, 3.637906642741767
1624156380.7435572, -0.22528085101159603, 0.23743546117289954, 3.6352388727407465
1624156380.7543037, -0.22647280674099615, 0.23655485109930427, 3.634877822150186
1624156380.766001, -0.22763721133915638, 0.23569428001065268, 3.6336083546943194
1624156380.774765, -0.22879868621985472, 0.23487044271264584, 3.6323776151158302
1624156380.7848895, -0.23005342859143338, 0.23394654969358689, 3.630500090557861
1624156380.795009, -0.23127628520087185, 0.23303571889206803, 3.6277244756177023
1624156380.8041477, -0.23255057202697785, 0.23206758087336285, 3.627042329756947
1624156380.8144364, -0.23380512073781476, 0.2311042693120347, 3.6248906399987226
1624156380.8235092, -0.23512986698307214, 0.23017555504744489, 3.623598770351536
1624156380.8339698, -0.23649760412716075, 0.22923501582860312, 3.621767878720344
1624156380.8440084, -0.23781418797738885, 0.22831630651367926, 3.6207107455413086
1624156380.853915, -0.23909760016159068, 0.22742492729552527, 3.618500508369479
1624156380.8642488, -0.24033228355669112, 0.22653324944566305, 3.614791899526448
1624156380.8733509, -0.24154798307092068, 0.22559390769381266, 3.6148280573493565
1624156380.886651, -0.2426947707092967, 0.2247244196222485, 3.613303048218553
1624156380.8934176, -0.24391797142166963, 0.223906774073221, 3.610857977117841
1624156380.9036436, -0.24524389267341495, 0.22305881614996767, 3.6100791940921364
1624156380.9134781, -0.2466552021706871, 0.22218109497592828, 3.6084164136060326
1624156380.9247868, -0.24806852245837036, 0.2213665674549336, 3.6077910592566513
1624156380.9334555, -0.24944494509169263, 0.22045967563943616, 3.605004557373428
1624156380.9442074, -0.2507557375215229, 0.21947416914433904, 3.602632270145539
1624156380.9533079, -0.25199062557789104, 0.2185880980537522, 3.6016507675108027
1624156380.9636407, -0.25322485017148416, 0.21773694774878177, 3.5990629818902273
1624156380.9737284, -0.25449232416386625, 0.21691202322486572, 3.597773507659902
1624156380.9842632, -0.25575158813079324, 0.21608694978533768, 3.5957245659427652
1624156380.9935508, -0.25701371250862876, 0.21530147331676225, 3.5946565639630728
1624156381.007026, -0.2583098802266333, 0.21447579988171614, 3.5942437088021997
1624156381.0138023, -0.2596255710412839, 0.21364454485788753, 3.592330595794062
1624156381.0234084, -0.26098352731945, 0.212776320663818, 3.5908802820346444
1624156381.0339522, -0.26236503143598144, 0.21193863814686495, 3.5890254379984246
1624156381.043859, -0.2637853715223237, 0.21109752852215014, 3.587798697301535
1624156381.0531895, -0.2651821314510975, 0.21025628266354116, 3.586464201200736
1624156381.0639675, -0.2664599728031311, 0.2093505495489208, 3.583703847696576
1624156381.073692, -0.2677659295342633, 0.20845042900428074, 3.5824951058542953
1624156381.0833328, -0.26899225734044563, 0.20764159865811946, 3.580741476200519
1624156381.0939312, -0.2702554915653162, 0.2067728931752658, 3.5771752504859378
1624156381.1093981, -0.2716003920238016, 0.205922130223176, 3.5759824784692693
1624156381.1134422, -0.2729287467359478, 0.20507356921512931, 3.575200285566925
1624156381.1240659, -0.2742510486985934, 0.20424977426687457, 3.5740569889631377
1624156381.1332223, -0.2756179080107825, 0.203408025817267, 3.5723804588195804
1624156381.1433675, -0.2770088551191588, 0.20254625026855458, 3.5701150815750387
1624156381.1537156, -0.27837374422042827, 0.20169873712762654, 3.5680556906979723
1624156381.1636183, -0.2797418365462714, 0.2008987753845425, 3.5668119095767574
1624156381.1737945, -0.28114315972934617, 0.20004527910644354, 3.566071736859649
1624156381.1840177, -0.2826110599980164, 0.19921862267711082, 3.5655529605568024
1624156381.1938317, -0.2840778298419699, 0.19848587699273107, 3.56384393285275
1624156381.2040768, -0.28551575756182523, 0.19767331470038585, 3.5612752291542633
1624156381.2144144, -0.2869749830645917, 0.1968825120267353, 3.5605397779566608
1624156381.2241855, -0.28836398014114567, 0.19612930319055552, 3.5585047928025157
1624156381.2339835, -0.28970647361197505, 0.19534062707852506, 3.556999525870879
1624156381.243733, -0.29099521656910615, 0.19453174023289113, 3.5569751787181128
1624156381.2539077, -0.29193746797903775, 0.1927200823996674, 3.5560675258550685
1624156381.2639306, -0.29325353591513886, 0.19206187220966736, 3.555059709637843
1624156381.2738473, -0.2946326237224057, 0.19145369272452697, 3.555408142467742
1624156381.28384, -0.2960984307596821, 0.19071880710519176, 3.5543122420410556
1624156381.2954965, -0.29761202228171924, 0.18995048385095298, 3.55353185891807
1624156381.3042219, -0.2991050055720466, 0.18916739379062736, 3.5513254197403548
1624156381.3139212, -0.3006391430466845, 0.18839355893439017, 3.550361714660376
1624156381.3242033, -0.30215114454592196, 0.18752098362476186, 3.550618006674013
1624156381.333842, -0.3035246612768875, 0.1867284743143126, 3.5494946379797145
1624156381.3440866, -0.3048507089454358, 0.1859868744603591, 3.5481209625065264
1624156381.354216, -0.30621737280290945, 0.18527935761126563, 3.546891285570179
1624156381.364413, -0.3076224420948302, 0.1845237801256039, 3.54493576443088
1624156381.3739717, -0.30899843798411475, 0.18384558031282472, 3.5430825726344577
1624156381.3842175, -0.31034691862043895, 0.18308755004377136, 3.541682809353324
1624156381.3970528, -0.3117356992802786, 0.18224898407422832, 3.5403465259593907
1624156381.404336, -0.31315324043340903, 0.18134179116967905, 3.5385890995043954
1624156381.4145381, -0.3145823669887382, 0.18045866771257232, 3.537494518224403
1624156381.424122, -0.3159766084607716, 0.17973123402740246, 3.535992876692763
1624156381.4344501, -0.3174277746159766, 0.17898913203075684, 3.5356949306119008
1624156381.44372, -0.31888865004741185, 0.1782189117896913, 3.5345845973967807
1624156381.4543118, -0.3203733289910136, 0.17744732433872915, 3.530796195247254
1624156381.4641855, -0.32183207429271177, 0.17670872633634968, 3.5294684502965814
1624156381.4749932, -0.32323148372802823, 0.17595696471645345, 3.52868105486743
1624156381.484119, -0.32456746230642286, 0.17514650317277225, 3.5255902154374352
1624156381.4950345, -0.32595734031027485, 0.17445630384918323, 3.5249738744691914
1624156381.503837, -0.32735147440367307, 0.17375224302703704, 3.523363932417033
1624156381.5148833, -0.3286631146593165, 0.17300805658199542, 3.521027588384987
1624156381.52382, -0.3300721746611763, 0.1721856550307979, 3.520397234133633
1624156381.5351174, -0.33150759188040246, 0.17142858016605247, 3.517957098608317
1624156381.5442526, -0.33299445433406044, 0.1707403428251127, 3.5166555585998505
1624156381.5547106, -0.3344186810680753, 0.170011898462357, 3.515707607170981
1624156381.5643911, -0.33579221621714384, 0.16927474299536183, 3.513443653450451
1624156381.575326, -0.3372032729821133, 0.16859967532077935, 3.5121933212485135
1624156381.5851383, -0.33866829028221906, 0.1679260933326036, 3.5099367917180957
1624156381.5947204, -0.34008856968556833, 0.16720268880353684, 3.507613172291391
1624156381.6058867, -0.34147296220146905, 0.16649436077493124, 3.50566692989836
1624156381.6148455, -0.3429104403229082, 0.1657811004534661, 3.503644287484802
1624156381.626099, -0.3444333713732457, 0.16508975049704555, 3.504260447197904
1624156381.6346803, -0.34592417461093616, 0.16432523319756792, 3.502037267122315
1624156381.6451468, -0.3473196550569087, 0.1636076195875369, 3.499627539449224
1624156381.6546085, -0.3487697058048391, 0.16291398980388974, 3.4986157593138696
1624156381.665689, -0.3502481496617343, 0.16220105319524195, 3.4976311686499466
1624156381.6746407, -0.35168396207586755, 0.16146802870035049, 3.495247941580962
1624156381.6860976, -0.3531634394724379, 0.1607175215506062, 3.493169689233298
1624156381.694242, -0.35459618346519256, 0.15990643573882268, 3.4905687234125646
1624156381.706958, -0.3560484190266027, 0.15918329004086348, 3.489971818126736
1624156381.7138593, -0.33821190868048867, 0.17328786877683028, 4.1147646754357865
1624156381.7248712, -0.3436828138632896, 0.17322177038605188, 0.26149150715072467
1624156381.7335222, -0.34517970543095255, 0.17251255722065983, 0.2593583384682061
1624156381.7448394, -0.34670103509784583, 0.17176176147540825, 0.256559509159161
1624156381.7544727, -0.3481256934468885, 0.17105733491596578, 0.2538261985245591
1624156381.766345, -0.349637777598262, 0.1702896224206712, 0.25048198662927834
1624156381.7739537, -0.35104397196399273, 0.16959512582167824, 0.24791842270219533
1624156381.7840955, -0.35236039899613525, 0.1688974104734291, 0.24361308315336946
1624156381.7937899, -0.35362470287584297, 0.16821898837102114, 0.24146937548126718
1624156381.8040662, -0.3548684378212192, 0.16762990132601743, 0.23999972538346095
1624156381.814631, -0.3561784778621595, 0.16707497721178471, 0.23723939396796273
1624156381.8254077, -0.3575536230333429, 0.16654603942067284, 0.23437702825507553
1624156381.8335612, -0.3590849122179046, 0.16597634912241627, 0.2327878426506731
1624156381.84366, -0.36061657709590755, 0.1653922610409689, 0.22952417408273548
1624156381.8539853, -0.3621672920130585, 0.164803164992904, 0.22693187137417203
1624156381.86327, -0.363711799068406, 0.16420792896622818, 0.22337846762051486
1624156381.873262, -0.36508570218759717, 0.16361938150695532, 0.22084161662835963
1624156381.883115, -0.3664312672492866, 0.1630025922030878, 0.21972711300768513
1624156381.893937, -0.3677341791354405, 0.16243286670986648, 0.21671913048479133
1624156381.9041884, -0.3982190681642615, 0.14038644204702577, 1.5757842770451238
1624156381.9136717, -0.37041517831001913, 0.16147357890737546, 0.21033263169197597
1624156381.9234023, -0.37185252207802805, 0.16095233639549958, 0.20934324881957606
1624156381.934032, -0.37333540507697366, 0.16045089765472942, 0.20588659601933615
1624156381.944012, -0.3901421638727455, 0.14753979630451225, 1.8057980231137492
1624156381.9548273, -0.3917085586857257, 0.14706400999980754, 1.8049744681019413
1624156381.9636922, -0.3931820253323054, 0.14651455750890605, 1.8065814854618845
1624156381.9751427, -0.3946545783576503, 0.14595944411743425, 1.8063246171897152
1624156381.9839044, -0.3962164527782485, 0.14538535470638966, 1.8086518361155621
1624156381.9958873, -0.3976743781566931, 0.1448599140311494, 1.8066782936072463
1624156382.00371, -0.3991628695489489, 0.14436793310981635, 1.8083128383204177
1624156382.0141742, -0.4005626918645654, 0.14390734656091342, 1.8078380106023888
1624156382.0238645, -0.402078591323987, 0.14344789104633315, 1.8104589522814718
1624156382.0334713, -0.4034843371830427, 0.14293940725707088, 1.8095469102050354
1624156382.0439224, -0.40505179400515906, 0.14238881351029342, 1.813208281147288
1624156382.0539374, -0.4065097715995898, 0.14176802153289084, 1.8104089938345589
1624156382.0635345, -0.40816635211310304, 0.14109880685437012, 1.8115230019772812
1624156382.0739899, -0.40981550629316044, 0.1404114195728673, 1.8132070821864272
1624156382.0837154, -0.4114013461682068, 0.13963057096535544, 1.8137338160911811
1624156382.0942302, -0.4130417204168326, 0.13892268791269036, 1.8161314508043185
1624156382.1037507, -0.4145842468431373, 0.13840779414701274, 1.8138166175426909
1624156382.1147785, -0.41614411719937344, 0.13792014018340062, 1.8158622828980515
1624156382.1234558, -0.41756858076420944, 0.13746410200611517, 1.8162905340967823
1624156382.133716, -0.41903313822643806, 0.13698667636707607, 1.8179547505691016
1624156382.14378, -0.42042030022264887, 0.13656091811941368, 1.81807205314776
1624156382.153807, -0.4218963573997003, 0.13617037649489885, 1.82085500438396
1624156382.1630974, -0.40465288954253814, 0.15008269844863303, 0.12524295196981275
1624156382.1734712, -0.40615279241741226, 0.14955141056678417, 0.12513710067614345
1624156382.1834695, -0.4076390540695614, 0.14904596892075814, 0.12284665490692717
1624156382.1938004, -0.4092635694212816, 0.14850813150373213, 0.12186571851503211
1624156382.2032642, -0.4107893287101902, 0.14801202559596358, 0.1199811719143425
1624156382.2162564, -0.41240779502479324, 0.14748766008814695, 0.11947261652965108
1624156382.2238626, -0.41386409729611906, 0.1470022035323329, 0.11794758079832852
1624156382.234575, -0.4154125441732125, 0.14642877568467727, 0.11654382398528715
1624156382.2437198, -0.4168242419509741, 0.14591463621128373, 0.11492739367730459
1624156382.2529795, -0.41821758813290655, 0.14539537497495875, 0.11419006001505437
1624156382.2639637, -0.41968142745456954, 0.14488755727800512, 0.11273809736497685
1624156382.2735589, -0.4212214255742594, 0.1443889568286272, 0.11122717839733004
1624156382.2843153, -0.4227905744972876, 0.14398702461546983, 0.10952604609706104
1624156382.293601, -0.4243252523498423, 0.1435449867253536, 0.10883114022371379
1624156382.303943, -0.42595632237449094, 0.14305336349400888, 0.1075516382806247
1624156382.313233, -0.42808044130857886, 0.14200152649771136, 0.12130215560646239
1624156382.3235528, -0.4296096101551364, 0.141654370515665, 0.1194913968413405
1624156382.3331947, -0.4311083875297706, 0.14130935631907035, 0.11749520953080957
1624156382.3435123, -0.43245365741899033, 0.1409383085604044, 0.11516657370183525
1624156382.353373, -0.433789471820758, 0.14051901239859327, 0.11392706001001351
1624156382.363734, -0.43509228482524104, 0.14001660799090024, 0.11240945307986268
1624156382.3732185, -0.4364892631052789, 0.13954994576135105, 0.11094868512740749
1624156382.3833632, -0.4380139623901609, 0.13919686832854625, 0.10900215607357477
1624156382.3938394, -0.42483621041241815, 0.1368726902162601, 2.7516718214186517
1624156382.4033825, -0.4265375984345305, 0.13645395523662895, 2.7496676454634295
1624156382.413243, -0.4281751746723398, 0.13600346752184994, 2.7479182085845753
1624156382.4236271, -0.42966416513961025, 0.1355695288871155, 2.7462706071863456
1624156382.4342048, -0.4310364752131489, 0.1350127193160951, 2.745141179588929
1624156382.443371, -0.43238937252279885, 0.13447435769106264, 2.7436783302536734
1624156382.4534085, -0.43372107019836176, 0.13399906288448488, 2.742788595264878
1624156382.4634976, -0.4351154454368839, 0.13360712853856732, 2.7404733700132904
1624156382.473217, -0.4366253461107795, 0.1332139393030197, 2.739892670785954
1624156382.4834917, -0.4382611613749574, 0.1327707489579199, 2.7378967113066546
1624156382.4934106, -0.4398879638743884, 0.13230068955709445, 2.7362801617581503
1624156382.5038602, -0.4415066302066826, 0.1317914138846072, 2.734464949846182
1624156382.5137444, -0.4430660926677147, 0.13126910862594207, 2.7333822578226137
1624156382.524245, -0.4687316014411566, 0.12193656939638996, 5.196342704415707
1624156382.5341058, -0.4700942348465289, 0.12152717785430227, 5.195184263538211
1624156382.5440023, -0.47137246642313396, 0.12122538214901064, 5.193493123171754
1624156382.5552962, -0.472729278150197, 0.12095580770322373, 5.193120070399583
1624156382.5641198, -0.4741678393675474, 0.12066677271957858, 5.192544058203809
1624156382.5747492, -0.4757114857284155, 0.12039287195783983, 5.191646718927815
1624156382.584124, -0.4773576717952618, 0.12014017252332895, 5.191115025336973
1624156382.5949726, -0.47902428504684713, 0.11980111479633168, 5.190959170889224
1624156382.6046317, -0.4805540231651696, 0.11941383001817742, 5.190051719982916
1624156382.6144927, -0.48219148944850815, 0.1190832561557752, 5.189855735431123
1624156382.627188, -0.4837554273285319, 0.11874929616237463, 5.187873015006618
1624156382.63418, -0.48536987201523313, 0.11843825618621613, 5.18748993639764
1624156382.644728, -0.4868092136681428, 0.11810912361207099, 5.185591008344324
1624156382.655127, -0.48829521898761813, 0.11778734291167642, 5.184517784102969
1624156382.6642337, -0.4897001488822866, 0.11748031208691509, 5.183578146953597
1624156382.6738732, -0.4911739378934689, 0.11722808272346309, 5.18313365252745
1624156382.6839843, -0.4925797994308748, 0.11691147860398292, 5.181802121410948
1624156382.6942496, -0.4940562390121658, 0.11662831801038881, 5.1796125165589855
1624156382.7041845, -0.49562776784049284, 0.11633137487405766, 5.178764934307829
1624156382.7136881, -0.49718384846691016, 0.11609371186838308, 5.176913350423684
1624156382.7247956, -0.4987625096546254, 0.11573264205511026, 5.1770893301474885
1624156382.7342145, -0.5002962689223323, 0.11537769147219197, 5.175255173945963
1624156382.7434807, -0.5019188735614778, 0.11497955127043741, 5.174003335585228
1624156382.7533848, -0.5034204817940083, 0.11462867265702897, 5.171359797695845
1624156382.7639365, -0.5049343025141201, 0.11426349971793273, 5.170396869684399
1624156382.7733705, -0.5063595814138397, 0.11401539643039729, 5.168815664167843
1624156382.7834957, -0.5087740436827197, 0.11104324402319225, 5.696233542801772
1624156382.7947724, -0.5103007199015281, 0.11079024812000657, 5.6955866371322985
1624156382.8063786, -0.5116414991649213, 0.10994471192034268, 5.685851825997607
1624156382.8135498, -0.5131420507778935, 0.1096248354404173, 5.684797903373131
1624156382.8235424, -0.5146112974192852, 0.10929374266935936, 5.683477888752386
1624156382.834127, -0.5159053712837088, 0.10894239933118592, 5.6820320304311025
1624156382.8428855, -0.5173058234125782, 0.10867099934209618, 5.6802704953093714
1624156382.8523567, -0.518745642385402, 0.10842238111152962, 5.679529619948941
1624156382.8624618, -0.5203188769105757, 0.10828920525641823, 5.6783868138105955
1624156382.8732266, -0.5219397920236781, 0.10819332594094415, 5.677897200928754
1624156382.8826742, -0.5235711366765001, 0.10809085621582966, 5.675807293854789
1624156382.8932476, -0.5251978909978964, 0.1078817850199931, 5.675171957326927
1624156382.9028249, -0.5267616321728812, 0.10761403321233527, 5.674565554924291
1624156382.9134018, -0.5281455441743799, 0.10728456047510303, 5.672886846196172
1624156382.922534, -0.5294964288124081, 0.10692803815871217, 5.671303573735867
1624156382.935046, -0.5308902458144403, 0.10659705160906588, 5.669727689040113
1624156382.9429874, -0.5324027229448846, 0.10641108328202009, 5.668711614288188
1624156382.9543877, -0.5338938396109925, 0.10623076753349804, 5.667417954686062
1624156382.9626155, -0.535512813482217, 0.10601548733902941, 5.666850694863426
1624156382.9748025, -0.5372449143155222, 0.1058074925582974, 5.665305278310747
1624156382.982807, -0.5390110486762963, 0.10556221776830901, 5.6650252412068225
1624156382.9933763, -0.5405848402482766, 0.10532355954727007, 5.663230310918767
1624156383.0023532, -0.5421282789721212, 0.10503071696264041, 5.662751823572341
1624156383.0126877, -0.5436250131038926, 0.10482354693165241, 5.661265822886967
1624156383.0224495, -0.5450415496554712, 0.104591085637005, 5.6598359643842455
1624156383.037064, -0.5464692583969706, 0.10442166598006683, 5.658008414942484
1624156383.0424922, -0.5479292722420772, 0.1042292137241031, 5.6569710121001435
1624156383.0540318, -0.5491232099891769, 0.1043806320944606, 5.645078606440703
1624156383.062606, -0.5505822648971427, 0.10426796403960471, 5.642155779324725
1624156383.072846, -0.552149276372254, 0.10411231443984759, 5.640762963754507
1624156383.0822804, -0.5537252144572905, 0.10388594455171643, 5.640094827114693
1624156383.0928166, -0.5553213299476992, 0.10368123250327053, 5.638831478562779
1624156383.102564, -0.5568918073481282, 0.10358500107545805, 5.636980490470671
1624156383.1126528, -0.5584424135555516, 0.10344838315015975, 5.635880117043067
1624156383.1222157, -0.5598611010628909, 0.10331110098617939, 5.633886959292871
1624156383.1325104, -0.5613181266138414, 0.1031632748318165, 5.632344427706703
1624156383.1431181, -0.5627766071647189, 0.10300814675451908, 5.6313330943406825
1624156383.152602, -0.5780004649706223, 0.12381667733856125, 0.9357418011805787
1624156383.1635723, -0.5795143614405696, 0.12368443980904997, 0.9363163549606024
1624156383.173205, -0.5810653387475201, 0.12360569823111953, 0.9394795344930574
1624156383.1832726, -0.5827067164803982, 0.12355729282104953, 0.9416562119551373
1624156383.193424, -0.5844089922691534, 0.12350684078869927, 0.944870527587273
1624156383.2030249, -0.5860576029954627, 0.12334711004013423, 0.947269957119838
1624156383.2125773, -0.5876937478290971, 0.1232054375688923, 0.946838765767455
1624156383.2231128, -0.5892675507138898, 0.12310274168305525, 0.94817710476907
1624156383.2331822, -0.5908003413662919, 0.12301620820888164, 0.9516929752921887
1624156383.2433245, -0.5923031818304128, 0.12295587752006613, 0.953295061151987
1624156383.2533765, -0.5937245637317499, 0.12287728053282485, 0.9545934788165067
1624156383.2638042, -0.595239031475779, 0.12280376676108908, 0.9556651176240519
1624156383.2730966, -0.5967567528297165, 0.1228009157306753, 0.9592489445212057
1624156383.2838538, -0.5982786256155701, 0.12274582927206364, 0.9636644746243623
1624156383.293235, -0.598495631817869, 0.08419082714145053, 6.224131907235545
1624156383.3040018, -0.600147997725456, 0.08413688651776886, 6.22245575102562
1624156383.3132184, -0.6018190479069764, 0.08402351215606463, 6.221056446238342
1624156383.324613, -0.6034818726698902, 0.08397540487484281, 6.219585293826317
1624156383.333155, -0.6050951463488481, 0.08394745867757042, 6.217534956232915
1624156383.345412, -0.6067211754494795, 0.08389409656616842, 6.216418904801665
1624156383.3534372, -0.6083068652604385, 0.08387060622782506, 6.213748449167212
1624156383.3658433, -0.6098673893110156, 0.08380598257864551, 6.211800679070525
1624156383.3728836, -0.611386063118955, 0.0837367025728423, 6.209391978966625
1624156383.3857133, -0.6129072358744674, 0.08360067818908391, 6.206939916604696
1624156383.3930202, -0.6144165896607425, 0.08346967891489042, 6.205048548045124
1624156383.4036756, -0.6159218191173125, 0.08335906589438026, 6.203835708443116
1624156383.4128058, -0.6174712581355727, 0.08331491995232118, 6.201623155686098
1624156383.4241211, -0.6191775657188565, 0.08335209321010872, 6.200915487347313
1624156383.4330866, -0.6208479649272487, 0.08338021612732362, 6.19891890171557
1624156383.4463117, -0.6225836028514984, 0.08344098454797594, 6.1967141544501025
1624156383.4526265, -0.6242161491424556, 0.08348125567933756, 6.194688120307593
1624156383.4635832, -0.6258108695246657, 0.08346148800569328, 6.192152419849761
1624156383.4728906, -0.6273232146177118, 0.0833477352082568, 6.190606607141675
1624156383.4841695, -0.6288367146024416, 0.08323030050890953, 6.189562257741843
1624156383.4929435, -0.6303567838401711, 0.08316480818603098, 6.187649479704832
1624156383.5029726, -0.631930033323119, 0.08318126325095969, 6.186573132914333
1624156383.513264, -0.6329010433546741, 0.08292631755224425, 6.166500598291279
1624156383.5234008, -0.6345916437561142, 0.08302335959246081, 6.164831742571333
1624156383.5333083, -0.6362952158797585, 0.08304150604724865, 6.162565844594825
1624156383.5436385, -0.6379762495489437, 0.08298202781583909, 6.161148900945664
1624156383.5552254, -0.6395314653123169, 0.08295833867633752, 6.158511879460993
1624156383.5675023, -0.6593486842107148, 0.08931177892178394, 3.328646987444818
1624156383.574224, -0.6610889125849201, 0.08939103830418464, 3.3221382556209456
1624156383.5830715, -0.6625449093902491, 0.08940535413534133, 3.3213378406559864
1624156383.594485, -0.6638731763035242, 0.08948793227035054, 3.32160872941041
1624156383.60393, -0.6653447974266256, 0.08966923778691559, 3.3213143183950433
1624156383.6135051, -0.6668399478822343, 0.08983666669032422, 3.320050002093046
1624156383.6239076, -0.6684063508875822, 0.08995151832642145, 3.318498460674502
1624156383.634316, -0.6699147297837085, 0.0900340281092439, 3.3180973673363434
1624156383.643867, -0.6714742353204305, 0.09006973715685403, 3.3176085571823575
1624156383.654369, -0.6731078880276448, 0.09002671766156341, 3.31760713333944
1624156383.6688323, -0.6746903419262357, 0.09011129170141861, 3.3181628238113086
1624156383.6751378, -0.6762012858893456, 0.09025754158378542, 3.318347282693822
1624156383.6838648, -0.6776659797332901, 0.09040926961109538, 3.3178670250396216
1624156383.6940498, -0.6792013714561432, 0.0905267559144219, 3.3172192463188908
1624156383.704943, -0.680643414952842, 0.09066807741101704, 3.319397137833822
1624156383.713826, -0.6821715567062144, 0.09086434677671855, 3.3175029254450217
1624156383.7250059, -0.6836042946955668, 0.09095864101366978, 3.316870745643335
1624156383.733511, -0.6851317672796464, 0.09102814803589804, 3.3157269071813795
1624156383.7453673, -0.6866294965261306, 0.09118942430734225, 3.3136330952663156
1624156383.7533972, -0.6882361771748198, 0.09136097242516585, 3.311355753351928
1624156383.7649724, -0.689783707639927, 0.09141338271578339, 3.312010845977722
1624156383.7743752, -0.6913399710396799, 0.09143181566108208, 3.313506696597795
1624156383.784621, -0.6928120989903713, 0.09147885570292946, 3.3151647509678357
1624156383.7943923, -0.6942959962618827, 0.09153085028100663, 3.3142978132033276
1624156383.8044584, -0.6957584166986127, 0.09159226334155633, 3.314621391690304
1624156383.8138087, -0.6973245282176372, 0.09171679733345763, 3.313905009607106
1624156383.8243046, -0.6989163983635985, 0.09191093002492781, 3.312198354782801
1624156383.8344545, -0.7005655596294994, 0.09216138757144564, 3.311122180613441
1624156383.8449306, -0.702175628156983, 0.09234928947870297, 3.3129452656199754
1624156383.8556156, -0.7038141880799407, 0.09254945293036027, 3.3118911460388913
1624156383.864829, -0.7053288206873121, 0.09273386157330023, 3.3116601320186225
1624156383.8741992, -0.7058511496536437, 0.0928701476290956, 3.3560419237564103
1624156383.8841736, -0.7073110405947429, 0.09296406145277519, 3.355843218005
1624156383.894282, -0.7087551551521122, 0.09307810959786189, 3.3555541463613157
1624156383.9038525, -0.7102440021793508, 0.09324431036138646, 3.355137970028743
1624156383.9136539, -0.7118515639755915, 0.09346657713868672, 3.3547907519143916
1624156383.9239583, -0.7134862808747173, 0.09369469024803141, 3.355340013133942
1624156383.9336915, -0.7151388339674098, 0.093928056648551, 3.3557800191063745
1624156383.9439917, -0.7168261602054231, 0.09409881356749715, 3.3553350981423806
1624156383.9568202, -0.7184311400485142, 0.09424342377588771, 3.35589576579056
1624156383.9642313, -0.7199014441198983, 0.09432485058908244, 3.3552584053469174
1624156383.975512, -0.721914779873882, 0.09447073768673024, 3.307782574496752
1624156383.9838188, -0.7227102347488207, 0.09461877500823784, 3.3550679358425497
1624156383.9937286, -0.7241542566401913, 0.09483291638855922, 3.3546959997522565
1624156384.004224, -0.7256699902581502, 0.09509229228264776, 3.3547779153355766
1624156384.0134206, -0.727210913813954, 0.09540944079317443, 3.3548603957836938
1624156384.023802, -0.7288300582733511, 0.09576743658723605, 3.354965081711659
1624156384.0338364, -0.7304902872924369, 0.09615072696675937, 3.354488654401944
1624156384.044006, -0.7322290167053298, 0.09646216078363419, 3.3539272251531442
1624156384.0540361, -0.7339071914680606, 0.09671144249143783, 3.3541151908046074
1624156384.0641637, -0.7355915865198509, 0.0969613723375702, 3.3544972379341695
1624156384.0742717, -0.7378327539981756, 0.09714768961843821, 3.3148235969434157
1624156384.0839484, -0.7396931089282258, 0.09744145421631109, 3.3072592028133236
1624156384.094544, -0.7403367146670711, 0.0975353910033165, 3.354543232067777
1624156384.1036787, -0.7424522090946307, 0.09786147672033527, 3.3115806038543485
1624156384.114187, -0.7433866220472882, 0.09808069515879843, 3.3536781367920496
1624156384.1238024, -0.7449797429243592, 0.09829442473201744, 3.3530718641230868
1624156384.1338203, -0.7465729349982466, 0.09854371130240856, 3.3536253862813075
1624156384.142971, -0.7486474321793163, 0.09879553464174588, 3.3260446972487303
1624156384.1540208, -0.7498774649581367, 0.09906232604161445, 3.3545794318983178
1624156384.1635356, -0.751488972608912, 0.09922695118208359, 3.355146028788547
1624156384.173325, -0.7537908515976195, 0.09950457139561908, 3.3126377588079463
1624156384.1838837, -0.7547792464020853, 0.09955893952455507, 3.3541311104155445
1624156384.193689, -0.7569707516238153, 0.09981990750675687, 3.3085619670112427
1624156384.203618, -0.7579497619732117, 0.09990994254809714, 3.353707051828579
1624156384.2139678, -0.7595548332095359, 0.10012321041375309, 3.353293751604918
1624156384.223882, -0.7617986729023057, 0.10050817421746339, 3.3072964747958187
1624156384.2340536, -0.763609892634253, 0.10089013173078527, 3.3038523843730987
1624156384.2434926, -0.7651733986383824, 0.1012109434480308, 3.3050050074770856
1624156384.2532377, -0.7666950992255767, 0.10151302723348264, 3.3047764880673562
1624156384.264906, -0.7674647485209352, 0.10156595757843985, 3.3538218612188535
1624156384.2739978, -0.7690172971290014, 0.1018322319878666, 3.354242151047557
1624156384.2838576, -0.7705345267899381, 0.10204615174835956, 3.3535424134998664
1624156384.2936144, -0.7720671773776061, 0.10226132086043777, 3.352770284434337
1624156384.303207, -0.7736812548501096, 0.10252853272110846, 3.353311764110609
1624156384.3138306, -0.7752950322691675, 0.10284985347358055, 3.3537208870763813
1624156384.3237457, -0.7768951535806689, 0.10318749880754675, 3.3538573635034465
1624156384.332939, -0.778516937011097, 0.1035050806420456, 3.3537836949937447
1624156384.3440793, -0.7808046084776277, 0.10408789780315375, 3.304123716246279
1624156384.3536382, -0.7817846453857047, 0.10425235517716112, 3.3543961570689422
1624156384.3666978, -0.783401669618126, 0.10457914021311038, 3.35491023167666
1624156384.3739152, -0.7850198826592233, 0.10481659264493344, 3.354047127649498
1624156384.3855002, -0.7866407343794547, 0.10501850105376594, 3.3539832108114314
1624156384.3941731, -0.788205238112947, 0.10528217876538955, 3.3544788100314773
1624156384.4043653, -0.7897317945986906, 0.10560172136368441, 3.3551151659375416
1624156384.4139884, -0.7917357631460077, 0.10620175831522784, 3.3027753064159673
1624156384.4244483, -0.7923136931829529, 0.10668832416562991, 3.376941590662611
1624156384.4335341, -0.7935870872164258, 0.10710514162282653, 3.3767903743407754
1624156384.4442828, -0.7948810933118591, 0.10759086720400356, 3.376717552164698
1624156384.4537613, -0.7962385108376614, 0.10809193794750606, 3.3774818805530593
1624156384.4647284, -0.7978708486696516, 0.10818968664301126, 3.3547886556543203
1624156384.4739242, -0.7994206748869486, 0.10867965384268732, 3.3552905162485813
1624156384.483985, -0.8010088217726502, 0.10908797037516807, 3.3562091706753803
1624156384.4938507, -0.8033023588080062, 0.10978938078811354, 3.302010029989884
1624156384.5040462, -0.804931337416063, 0.11013441034432844, 3.3001481579694807
1624156384.5142524, -0.7701200955980988, 0.1271983641478179, 5.156470155917301
1624156384.5236022, -0.7715483275688422, 0.12749493785577543, 5.154814592895161
1624156384.5337167, -0.7730498102989101, 0.12789839690038787, 5.154455848924336
1624156384.5438344, -0.7744901590185411, 0.12837520795839388, 5.153606839045834
1624156384.5536857, -0.7760277469963895, 0.1288857061881407, 5.152766472674157
1624156384.5641794, -0.7776173484993562, 0.12929966794531456, 5.152365828989501
1624156384.5743802, -0.779199391640984, 0.12965319716908313, 5.152673650961343
1624156384.584327, -0.7806787566479882, 0.12987892304236318, 5.151081562086709
1624156384.5947187, -0.7821869336681272, 0.1300774405337506, 5.150042510082235
1624156384.6040587, -0.8193363509342001, 0.11368215813982142, 3.3820957177995283
1624156384.6150393, -0.8209102027128471, 0.11398784478137858, 3.3828138361022475
1624156384.6240118, -0.8224636048685746, 0.11443909268967736, 3.3824931604726705
1624156384.633855, -0.824031661669989, 0.1148773341261496, 3.3841901652275626
1624156384.643812, -0.8256012721614736, 0.11526330076506447, 3.3831604403183553
1624156384.6543589, -0.8272192189858227, 0.11557071640705652, 3.38228483249025
1624156384.6635585, -0.8288328877562093, 0.11594225262235353, 3.3830357156372544
1624156384.6765423, -0.8305167699140468, 0.11632240362621038, 3.3836309816782704
1624156384.6838982, -0.8322807069039827, 0.11665011957742598, 3.3831497471252883
1624156384.6948013, -0.8340130081602527, 0.11701889062454131, 3.383508983785393
1624156384.7035906, -0.835673620186808, 0.11752474756264752, 3.382669705319483
1624156384.7144117, -0.8373057846364568, 0.11798107903669602, 3.3841258432621544
1624156384.7239869, -0.8389149498329608, 0.11841052045412545, 3.382803102304289
1624156384.7336433, -0.8404703975447048, 0.11883411022114847, 3.3834926499353832
1624156384.7438166, -0.8420233214127149, 0.11930716770953502, 3.383757744440982
1624156384.7539546, -0.8435458587758781, 0.11973400476177894, 3.383798348293557
1624156384.7640975, -0.8451008971368373, 0.12010757573950415, 3.38473504345933
1624156384.7768025, -0.84668877476307, 0.12053030277076283, 3.384666332660245
1624156384.7834368, -0.8482687308558302, 0.1210239777252812, 3.385377601509926
1624156384.79567, -0.84984032307185, 0.12152422636936591, 3.386596497735309
1624156384.8048673, -0.8514278244499537, 0.1219965019890964, 3.384779268514136
1624156384.8141866, -0.8530178417467056, 0.12247064919974375, 3.385426329557602
1624156384.823421, -0.8545886808319968, 0.12301062309126508, 3.386941886452465
1624156384.832774, -0.8561358435331661, 0.12349707706265875, 3.3881425457577437
1624156384.842742, -0.8576298231426713, 0.12397776910031662, 3.3877806509221147
1624156384.85275, -0.8591246999147197, 0.12439131958122752, 3.3873107114238676
1624156384.8622434, -0.8606869018627601, 0.12481969935224409, 3.3872977230746706
1624156384.8722618, -0.862214187622248, 0.12530559980505357, 3.387565244142507
1624156384.8821294, -0.8637228801536961, 0.12583222757757595, 3.389683766911139
1624156384.8923044, -0.8651976953374878, 0.12634286393878202, 3.3898665782095345
1624156384.902422, -0.8666812813318173, 0.126772223881641, 3.390264834957475
1624156384.912384, -0.868167601630145, 0.127152699376487, 3.3909558320106057
1624156384.922351, -0.8696557414518385, 0.12762193842816194, 3.39151450119359
1624156384.9322982, -0.8711131885527941, 0.12817973539171376, 3.3911192728889876
1624156384.9420812, -0.8726319890333061, 0.12885498453640923, 3.391634894578959
1624156384.9521074, -0.8740997152499538, 0.12955521471658177, 3.3923248864624256
1624156384.963234, -0.8811580831053293, 0.12116769262248538, 3.3795925102748647
1624156384.9723787, -0.882496016896665, 0.12149309839190721, 3.388684990410479
1624156384.9830434, -0.8839435891261382, 0.12208186128253302, 3.3875351772327154
1624156384.9933505, -0.8852068170392319, 0.12222084543826957, 3.3961551448037413
1624156385.0031233, -0.8746720605809101, 0.11345502714696391, 4.899617041632029
1624156385.0130758, -0.8761951737279172, 0.11410754241424646, 4.897874257275054
1624156385.0235636, -0.878582137504059, 0.11580913802984877, 4.847234608954067
1624156385.0333254, -0.880148978877114, 0.11638008051170351, 4.857461673652516
1624156385.0442193, -0.881687482623409, 0.11688098188766337, 4.8724638206047866
1624156385.0535443, -0.8832698567026159, 0.1172283237372558, 4.889640090021576
1624156385.063952, -0.8848734850209377, 0.1175956499960642, 4.897140314429665
1624156385.0737839, -0.8863449405316469, 0.11796327958133743, 4.907830180907119
1624156385.085206, -0.8877926609727963, 0.11843953380815783, 4.907483268385739
1624156385.0935745, -0.8892508644443237, 0.11889628431601011, 4.910405811852936
1624156385.1045818, -0.8906442891437826, 0.11949929328234767, 4.916989672667261
1624156385.1135345, -0.8920478831390558, 0.12014125017512764, 4.926449729734045
1624156385.1249819, -0.8583884104797587, 0.1349754824242003, 2.8053545032746605
1624156385.133064, -0.8601989236631242, 0.1353511773596778, 2.800656869309738
1624156385.1437318, -0.8616613062849646, 0.13596311030478284, 2.8024008357260333
1624156385.1534348, -0.8631823693848097, 0.1364037847005214, 2.8010098532623786
1624156385.1635113, -0.8646681525611861, 0.13680846576305042, 2.800112646543827
1624156385.17332, -0.866123508645992, 0.13726650221513495, 2.798784966933615
1624156385.1867762, -0.8675534224445978, 0.13778088446144784, 2.79760463691142
1624156385.1930053, -0.869031567005042, 0.13832259181406772, 2.7952501664049256
1624156385.2044146, -0.8705673643316673, 0.13890153867709135, 2.793307562840949
1624156385.213035, -0.872077201692165, 0.1395181050193021, 2.7925499740937365
1624156385.223528, -0.8735224413595097, 0.14006693880932666, 2.7911074402168587
1624156385.2330875, -0.8749637055717219, 0.1405237056920376, 2.790166454001297
1624156385.2434204, -0.8765152668455177, 0.14090429552340888, 2.7896411938740466
1624156385.2531867, -0.8780468162464339, 0.1413806275524123, 2.788067955260573
1624156385.271742, -0.8795551377134572, 0.1419753001150509, 2.7868503646622758
1624156385.2733266, -0.8810005421319563, 0.14263334737498268, 2.7851234968155074
1624156385.283855, -0.882514105196144, 0.14327196459671446, 2.783913523486951
1624156385.29337, -0.8839967864715804, 0.1438945686560134, 2.782281192620848
1624156385.3032086, -0.8854972363842468, 0.14441599939409952, 2.7810692522361737
1624156385.3132613, -0.8870719886780384, 0.1447462298605407, 2.7786124943926946
1624156385.3231435, -0.8885155364015892, 0.14516041526665885, 2.7774531699707308
1624156385.3331382, -0.8899105573666439, 0.14564699999768724, 2.7761126652220702
1624156385.3428037, -0.8913717339586184, 0.14616846345581683, 2.7740455577282286
1624156385.3531141, -0.8928238155747462, 0.14667004705120917, 2.7725880464879396
1624156385.3635783, -0.8943910906714221, 0.14713092214273774, 2.7695238979481194
1624156385.37342, -0.895814552335024, 0.1477152344777335, 2.769130409163263
1624156385.3833086, -0.8971214854307396, 0.14848505630665237, 2.7709832857152716
1624156385.393427, -0.8985369005591135, 0.14913345169460382, 2.770462517353882
1624156385.403176, -0.8999719986900017, 0.14976406116241026, 2.7696029016887587
1624156385.4132507, -0.9015345571182671, 0.15027418876238388, 2.766866851803808
1624156385.4229178, -0.9027925591690896, 0.151176870923901, 2.768863708292046
1624156385.4332666, -0.9042679631814281, 0.15184250419389445, 2.76542933283121
1624156385.4435365, -0.9055714825100618, 0.15270370253762458, 2.765638591319674
1624156385.453396, -0.9067671682405202, 0.15368644488992458, 2.768224295307869
1624156385.463107, -0.9080867382252931, 0.15449231793851795, 2.769153958267596
1624156385.4735103, -0.9094495827102391, 0.15533394682382892, 2.7686537284067705
1624156385.4833565, -0.9108194753607185, 0.15619973504519402, 2.768264889090164
1624156385.4943917, -0.9122667247243105, 0.15696068227996726, 2.7683588209776357
1624156385.503142, -0.9137408850085709, 0.15768964518020387, 2.767035226218785
1624156385.5139096, -0.9153569135477622, 0.15826454966611578, 2.7642393918136117
1624156385.5234265, -0.9167336088087036, 0.15907165009870183, 2.7667149665383572
1624156385.533829, -0.9182063820604853, 0.1597443275101756, 2.766213331623018
1624156385.5434632, -0.919637572061709, 0.16045307419017227, 2.7646539812333746
1624156385.5540829, -0.9210273678166035, 0.16110680483671758, 2.76403080798155
1624156385.5639877, -0.9224964817397547, 0.16161485687946708, 2.7604461854322624
1624156385.5739415, -0.9237639783153655, 0.162425149198932, 2.7616833217583503
1624156385.5841022, -0.9252185209439721, 0.16310418969169765, 2.7607536492033167
1624156385.5964978, -0.9266709852254499, 0.1637117353236459, 2.760543522856281
1624156385.6036725, -0.9281229773363016, 0.16432997060113663, 2.760195203193233
1624156385.6143622, -0.9295755828572437, 0.16494398119577502, 2.7594257309360772
1624156385.6238146, -0.9312332662067435, 0.16535824597974164, 2.7541853184223712
1624156385.6339293, -0.9306620951568508, 0.16491095417946858, 2.7035814391354647
1624156385.6438396, -0.9320594127331905, 0.16555031661485017, 2.702309049601597
1624156385.6540792, -0.9334250603971033, 0.16622126956664995, 2.7006868561924438
1624156385.6645796, -0.9348198361477644, 0.16691805618999772, 2.698505287228311
1624156385.673876, -0.9361939914440868, 0.16753618265611742, 2.6963487163705797
1624156385.6850672, -0.9375080463494448, 0.16813632189136093, 2.6951844229952635
1624156385.6935792, -0.938870456157348, 0.16875141492783716, 2.6944249438353363
1624156385.7053497, -0.9401932021419296, 0.1693842243794629, 2.693251605790245
1624156385.713808, -0.9416346927144382, 0.1700979074116111, 2.691017395651221
1624156385.7249238, -0.9430437372539986, 0.17077723574141887, 2.689586230337463
1624156385.7334063, -0.9444781752727497, 0.17143392091597062, 2.688705417311267
1624156385.743858, -0.9459093711272881, 0.17209996629058713, 2.687289991116476
1624156385.753792, -0.9473786266774924, 0.17274851974314473, 2.6852204176792234
1624156385.768778, -0.9487300075975224, 0.1734031606863949, 2.684262769914833
1624156385.7740734, -0.9500744061470365, 0.17413965528999104, 2.6824488603076464
1624156385.7844236, -0.9513794430167312, 0.17474683634708554, 2.680169179950211
1624156385.7940505, -0.9525895550774442, 0.17538338113788693, 2.6785194913248564
1624156385.8070507, -0.9538475643432008, 0.17603725735798328, 2.6766836098730713
1624156385.8154263, -0.955195892207978, 0.17667781057690587, 2.675423633733266
1624156385.823789, -0.9565324734827769, 0.17735652783401093, 2.6732498586691222
1624156385.833915, -0.9578865588770147, 0.17807137959030753, 2.672245270844888
1624156385.8442607, -0.9592004432392647, 0.17886044325903036, 2.6701303240405827
1624156385.8548417, -0.9606055677722007, 0.17961584823849236, 2.668769483244542
1624156385.86411, -0.9620123148968073, 0.1804063923566979, 2.6668548980113673
1624156385.875045, -0.963363804215014, 0.18107364362726863, 2.6643960889499994
1624156385.883378, -0.964681943523745, 0.18174021945495752, 2.6629843981988723
1624156385.8942869, -0.9659738744827826, 0.18237064531145544, 2.6622687232904987
1624156385.903355, -0.9672052598663455, 0.18302892971215004, 2.6604935095173694
1624156385.914224, -0.9684240275993824, 0.18379525923394255, 2.6598916984373684
1624156385.9237242, -0.9696535494700851, 0.1845797156707908, 2.657981586215369
1624156385.9345937, -0.9710018438969803, 0.18539964591459132, 2.658320096548537
1624156385.9438474, -0.9724349479301224, 0.1862327601446983, 2.6565364048321958
1624156385.954968, -0.9739180515605722, 0.18700025293686465, 2.655075656400888
1624156385.9636, -0.9754039154481204, 0.18766761225143627, 2.6538664083786068
1624156385.9745593, -0.9769257732318757, 0.18830132206252873, 2.6531734741041624
1624156385.9836354, -0.9783226300420287, 0.18888879329850514, 2.650061950694173
1624156385.9939337, -0.9797236516872061, 0.18945714358196614, 2.6490446730816983
1624156386.0057304, -0.981004247035836, 0.19009113763084248, 2.6483162273630603
1624156386.0133502, -0.982219506300908, 0.19079774851770867, 2.6468068542226058
1624156386.0239167, -0.9833954815481613, 0.1915149687742561, 2.643536656041524
1624156386.0343204, -0.9846692063668119, 0.19227828795660692, 2.642800325628294
1624156386.0441182, -0.9859722556568007, 0.19297453174974968, 2.6417571008963283
1624156386.0548103, -0.9873883447273903, 0.1936643685880772, 2.6407391613809184
1624156386.0636692, -1.003120867818299, 0.17233784148842088, 2.4555602278666013
1624156386.0742111, -1.0045932238025395, 0.17309112842187818, 2.453595134536277
1624156386.0838585, -1.006025224339924, 0.17386016646940278, 2.4526723270986963
1624156386.0940135, -1.007460678113072, 0.1745914032830359, 2.450941641456709
1624156386.1040869, -1.0088714912308063, 0.17532807989441226, 2.4489139129784583
1624156386.113943, -1.0102653308646934, 0.17608132311192792, 2.446554504015323
1624156386.1259234, -1.0115645469443637, 0.17681717878919587, 2.444844010046932
1624156386.1341174, -1.0128849183441029, 0.177517480394492, 2.4432319069938715
1624156386.1442306, -1.0142009951652595, 0.17814260483084493, 2.441572345259201
1624156386.1539826, -1.0155636721337014, 0.17886947769490955, 2.439770248934772
1624156386.1636531, -1.0169059192654168, 0.17953986352612022, 2.437200769360937
1624156386.1736543, -1.0183504134330295, 0.18016763041246295, 2.4350877956319477
1624156386.183805, -1.0196602634031726, 0.18078602588206766, 2.433194134758014
1624156386.1939793, -1.021011586675129, 0.18147094416318538, 2.430927770451447
1624156386.2040203, -1.0223111014279052, 0.18213540636180417, 2.429259670636671
1624156386.2154462, -1.0236519742994457, 0.1828169239567584, 2.427956866990783
1624156386.2238977, -1.0250123056900735, 0.1835396031337162, 2.426479633027257
1624156386.2336602, -1.0263515030015444, 0.1843747687028966, 2.424676077057303
1624156386.2437456, -1.0275885237112332, 0.18512432473817134, 2.422354378112657
1624156386.253403, -1.0288250833771084, 0.18579547843121386, 2.4199089492211208
1624156386.2638996, -1.0300656835372062, 0.1863597221721678, 2.417753744331809
1624156386.2735705, -1.0312659699051228, 0.18685263351615264, 2.416508797895191
1624156386.2839606, -1.0325602835642758, 0.18741382464396034, 2.41433559541087
1624156386.2935731, -1.0339181947525213, 0.1881233287848701, 2.4123786156020284
1624156386.3041954, -1.0353520443591622, 0.18899286990188457, 2.410233255392125
1624156386.3138251, -1.0368472409732683, 0.18996438252400588, 2.408834478649619
1624156386.3241265, -1.0384201588649216, 0.19094150469251375, 2.4078921047008004
1624156386.333971, -1.040001824561609, 0.19191645009689107, 2.406126682469627
1624156386.344139, -1.0414844670126249, 0.19284685229492154, 2.404925300660281
1624156386.3541188, -1.0428860951147372, 0.1936675345229192, 2.402525312504083
1624156386.3638012, -1.0441576550895766, 0.19440024330406427, 2.4012199853596483
1624156386.3735516, -1.0454695946172416, 0.19511724348995393, 2.397807147480419
1624156386.3835223, -1.046714612072275, 0.1958169640079528, 2.3961659825694825
1624156386.3934114, -1.0480261674038291, 0.19661053281688548, 2.394394039260403
1624156386.403681, -1.0493610687374835, 0.19739771797449795, 2.39247894603093
1624156386.4153318, -1.0506960121953444, 0.1982693446863296, 2.3911148523957135
1624156386.4233077, -1.052099552103201, 0.1992465736097486, 2.3906268099232904
1624156386.4333522, -1.0535082174548331, 0.20033290802288425, 2.390410136088143
1624156386.443119, -1.0549166396347822, 0.20138107142573064, 2.389891423515031
1624156386.453311, -1.0563212872723855, 0.20234545159952158, 2.3895196926851003
1624156386.4634123, -1.0576770100343749, 0.20332394601172626, 2.389534985741694
1624156386.4730582, -1.0589995377623542, 0.20423907028279753, 2.389203332278695
1624156386.483283, -1.060265670289608, 0.2050894571004456, 2.3889579818372204
1624156386.493365, -1.0615238636353066, 0.20598053818027884, 2.3896222912669614
1624156386.5031295, -1.0627558289396992, 0.20691659621408678, 2.3897503448204245
1624156386.5131047, -1.0640345813461738, 0.20790564845365261, 2.389308259816244
1624156386.523614, -1.065335868986013, 0.2089153600449091, 2.3905397982989904
1624156386.5355332, -1.0666546324166024, 0.20993690832870038, 2.39002827540733
1624156386.5430694, -1.068001486308859, 0.2109635324128626, 2.3889319708134833
1624156386.5535948, -1.0693827929965005, 0.21195350327389326, 2.3883820746092503
1624156386.563465, -1.0707715132552977, 0.21294410252977658, 2.387920294385733
1624156386.5738654, -1.0721413022176516, 0.2138645612527881, 2.386976699513872
1624156386.5836458, -1.0735674515255527, 0.21481290069961678, 2.385807185573686
1624156386.593853, -1.0749595202446445, 0.2157906718445021, 2.384764808214428
1624156386.6034713, -1.0762673421312832, 0.21668542360200932, 2.3858355382538092
1624156386.6139402, -1.0776627122129443, 0.21771927467654817, 2.3828398350971853
1624156386.6236846, -1.0790057013521146, 0.21867247338436227, 2.3819322575278132
1624156386.6336827, -1.0803291975027691, 0.21965346436659658, 2.3812849864896526
1624156386.6436212, -1.081699066948947, 0.2205644076854432, 2.3789709372318866
1624156386.6537642, -1.0829806505694972, 0.22141804822432104, 2.379338193024733
1624156386.663432, -1.084360517387176, 0.2223571715580789, 2.376769595749151
1624156386.6740525, -1.0856597661189833, 0.22326718737090726, 2.376444554143738
1624156386.683755, -1.0869929469227397, 0.22419125915903454, 2.3743734090862643
1624156386.6938934, -1.08875437936237, 0.22477897337486258, 2.3650260681751667
1624156386.7037365, -1.090159124715397, 0.22576387299687442, 2.363855155544765
1624156386.7137394, -1.0914875255748675, 0.2266790684348002, 2.363414987363422
1624156386.7244513, -1.0929098040112561, 0.22767956943371934, 2.3598521583136556
1624156386.73381, -1.0942675480207589, 0.22856542322139278, 2.358850940367794
1624156386.7446766, -1.095598941763838, 0.22940285054037865, 2.358856806403112
1624156386.7536166, -1.0969726506583293, 0.23032141829004568, 2.3564448009439873
1624156386.7648785, -1.09821932195493, 0.23122200199707937, 2.356512219361559
1624156386.7747252, -1.0995641563640217, 0.23213637065556933, 2.3543818810615837
1624156386.7844434, -1.1008778418502778, 0.2331882466923054, 2.353398995211043
1624156386.793993, -1.1021517953461746, 0.23424342237632928, 2.3522843925345684
1624156386.8042834, -1.1029867533870539, 0.23505709684233428, 2.3350880389772573
1624156386.8141804, -1.1042516683623396, 0.23605633220660827, 2.3344241035575237
1624156386.825977, -1.1056104022063733, 0.2369618247071733, 2.3330709943301
1624156386.8337324, -1.1069659976756892, 0.23790618867032923, 2.330930181303935
1624156386.8442862, -1.1082421499272161, 0.2387363457099173, 2.329746113549564
1624156386.8542128, -1.109626087529664, 0.23972666108957355, 2.327691610499922
1624156386.864463, -1.110927929113313, 0.24065377521254175, 2.325701949009351
1624156386.8735948, -1.1122529466295097, 0.24165882029703073, 2.3253114228941625
1624156386.8829756, -1.1136065744507664, 0.24265045389748097, 2.324192046201057
1624156386.8923972, -1.1149245029027737, 0.24367577879588695, 2.3227434381554666
1624156386.9031758, -1.11627203722869, 0.24480708944537313, 2.321313140259149
1624156386.9128494, -1.1175661859840471, 0.24582588379158926, 2.3192076812487326
1624156386.9229298, -1.11883464929122, 0.24679227788250527, 2.318711388439864
1624156386.9333944, -1.1200411542546387, 0.24768097334857436, 2.3175336468674472
1624156386.9450612, -1.1212512029523358, 0.24861890991507155, 2.3157955848975385
1624156386.9532247, -1.1224074816473253, 0.24949967074647492, 2.314648488500543
1624156386.9634812, -1.1235924507802457, 0.2505498388121665, 2.3142474324590188
1624156386.9740586, -1.1248159940605136, 0.2516395041429933, 2.315073452354954
1624156386.9838002, -1.126055885354936, 0.25282287466000564, 2.3139282474057543
1624156386.993599, -1.1273404957655857, 0.25412097721292415, 2.313416142830527
1624156387.0033796, -1.1286081190964063, 0.25537245208097903, 2.3131992025802397
1624156387.013525, -1.1298767998459718, 0.2565818749865312, 2.3136251345545835
1624156387.0234473, -1.1312268983179334, 0.25778140794055726, 2.3150145114405967
1624156387.0332828, -1.132481330106454, 0.2589699835680697, 2.3140636600246767
1624156387.043361, -1.1337398450244895, 0.2600914525992639, 2.3140163692409135
1624156387.0536993, -1.1350057266739837, 0.2612629894876847, 2.3137069713899407
1624156387.0637906, -1.1362338209677516, 0.2623621876414201, 2.3129143919918493
1624156387.0740795, -1.1374202131923081, 0.2634330295265639, 2.3119942898034735
1624156387.0838337, -1.1386814091246094, 0.26457529794546847, 2.3110247760466684
1624156387.0942798, -1.1399235297898547, 0.26572149224340297, 2.310264647888299
1624156387.1037843, -1.1412704195954113, 0.2668942880834593, 2.308571224931288
1624156387.1143918, -1.1425099224530335, 0.26795923605151767, 2.3095366883339956
1624156387.1239548, -1.1437426459342348, 0.2690710297672837, 2.30905262454802
1624156387.135456, -1.145119922237865, 0.27025009726767646, 2.3066915915315533
1624156387.1439302, -1.1463543327142263, 0.2713581160562361, 2.3066821783143667
1624156387.1549165, -1.1476742610144852, 0.2724982987343325, 2.306156772103105
1624156387.1643705, -1.1489465085592865, 0.27361789379144263, 2.305034022914509
1624156387.1746352, -1.1502490069229698, 0.27473243266740327, 2.3043212346759168
1624156387.1839669, -1.151554597013313, 0.2758968409812213, 2.3027176086997962
1624156387.1948195, -1.1527459375162115, 0.27703881803111813, 2.3022198702833743
1624156387.203322, -1.1401822897944196, 0.3258902049450356, 5.4458273103966075
1624156387.2142708, -1.1414628040335006, 0.3270343236184738, 5.445113203889729
1624156387.2231152, -1.1427101049549995, 0.32813675724278507, 5.443454738574722
1624156387.2353678, -1.143909309147647, 0.3292561048739861, 5.442467363299829
1624156387.2437131, -1.1451483385132175, 0.3304123569978497, 5.442470810312894
1624156387.253441, -1.1463383674311927, 0.33150649139355187, 5.440667949130461
1624156387.263353, -1.1475155859951383, 0.33270186209501507, 5.439270676762805
1624156387.2744153, -1.1678850969713614, 0.29790107430961604, 3.016665426713712
1624156387.283411, -1.1499102470413711, 0.3350217337165336, 5.4375712067148125
1624156387.2939754, -1.1511379690181718, 0.33610222500989406, 5.437046615755604
1624156387.3034108, -1.1522714052539782, 0.3372386395625289, 5.435005565504054
1624156387.3143737, -1.1727264362386498, 0.302273451318714, 3.0088407515149562
1624156387.3239605, -1.154584888962126, 0.3394692414464681, 5.432582509575233
1624156387.3361094, -1.1557394842515878, 0.3405762354126229, 5.431595197498621
1624156387.343418, -1.1569090148334253, 0.34174389246424935, 5.429935974608947
1624156387.3548684, -1.164306634826165, 0.31328774994016273, 0.7720184362324573
1624156387.3635364, -1.1655469388266462, 0.3143913769817666, 0.772170717711067
1624156387.3740997, -1.1667975797438406, 0.3153761661904464, 0.7735068782656019
1624156387.3834336, -1.167969526473777, 0.31646594201814165, 0.7733446429458274
1624156387.393766, -1.169184244228965, 0.31742495379300134, 0.7729942029797492
1624156387.4033868, -1.1703773517203084, 0.3184166989540675, 0.7721907176003077
1624156387.4136624, -1.1714858136923494, 0.31953168503066576, 0.771482084384773
1624156387.4236882, -1.172691001583573, 0.3206477961064654, 0.7714485548730873
1624156387.4336104, -1.1738755331874073, 0.32187038525207007, 0.7712881319813494
1624156387.443499, -1.1751163694293774, 0.32298557331891903, 0.772100373315083
1624156387.4542375, -1.176310871621524, 0.32410951909947805, 0.7723569968706098
1624156387.463422, -1.177539182216573, 0.32511647726777826, 0.7716084436356289
1624156387.4737706, -1.1786989677022666, 0.3261038650777116, 0.7722003391211871
1624156387.4831605, -1.1797678038799648, 0.32713018955111467, 0.7707438048749866
1624156387.49389, -1.1764884347664348, 0.328214222011737, 0.1952338539746569
1624156387.5033262, -1.1775889621322901, 0.3293190480972046, 0.19462397433338102
1624156387.5137637, -1.1787442480438715, 0.3303995292736546, 0.1962450750303994
1624156387.5238688, -1.1799249444453337, 0.33149304335447877, 0.19697703851233855
1624156387.533489, -1.1810741374799396, 0.3325937357935922, 0.19581672524696517
1624156387.543783, -1.1822664621570267, 0.3336133387636673, 0.19814259873450765
1624156387.5536883, -1.1833912511203735, 0.3346867831663138, 0.19667247660329493
1624156387.5637832, -1.184554365207607, 0.33568330139696057, 0.19543520783376436
1624156387.573669, -1.1856525341969348, 0.3367488821715216, 0.196691197686844
1624156387.583956, -1.1867399334558657, 0.33790941013293513, 0.19542363160069529
1624156387.593963, -1.1878377901832233, 0.3389994751534812, 0.20050840295186081
1624156387.60433, -1.188948353728258, 0.34015416387854974, 0.19789615298877003
1624156387.6141133, -1.1900648137113226, 0.3412494403499076, 0.20075022772335355
1624156387.6245222, -1.1912651114461228, 0.34231516623965075, 0.1995897500766383
1624156387.6339915, -1.1923494620259527, 0.34333571984709343, 0.19791602189615226
1624156387.645237, -1.1934547371090583, 0.3443913243294171, 0.1994758435711974
1624156387.654071, -1.1946181321123583, 0.34549857726792566, 0.19778693871651068
1624156387.6641722, -1.1957378201382656, 0.34657991229594937, 0.20131885380633166
1624156387.6740263, -1.1968074555711832, 0.3477092597510259, 0.20003049300221237
1624156387.6842415, -1.197823790821369, 0.348818180928549, 0.20163465498199043
1624156387.6942425, -1.1989427402844943, 0.34996315212587276, 0.2005355364543995
1624156387.7043586, -1.200006796892602, 0.35110224581812555, 0.19976621119864002
1624156387.7137358, -1.2010802106247156, 0.35220157653390277, 0.2021923067219925
1624156387.7242792, -1.2021420753691223, 0.35331618873492016, 0.20015939349147474
1624156387.7345233, -1.2032780883016365, 0.3543776939965052, 0.20223128011140581
1624156387.7465916, -1.2043467200764952, 0.35548932756220797, 0.20233289390924059
1624156387.7539957, -1.2054120145011293, 0.3565604673235784, 0.2021223971523248
1624156387.766344, -1.2064496732457772, 0.3576292316652488, 0.20245813280524214
1624156387.7746198, -1.207505808021394, 0.35875957571209893, 0.20069669257397055
1624156387.7838795, -1.2086568553349961, 0.35984521258033936, 0.2041877679269673
1624156387.7954664, -1.2097498259784367, 0.36093315778258606, 0.20297343398479256
1624156387.804176, -1.2109332072967727, 0.36200286955620414, 0.2045241513908218
1624156387.8154225, -1.212042751123715, 0.3630274297097794, 0.20512360645061867
1624156387.8244452, -1.2130585240579486, 0.36409859576007, 0.2036500421610072
1624156387.8343115, -1.21400776931334, 0.3651837432601796, 0.20594956002973266
1624156387.8441267, -1.2149385167791158, 0.3663362098715905, 0.20355505245830655
1624156387.8544793, -1.2159391370650123, 0.3675234600312971, 0.20372578153310827
1624156387.8641145, -1.2169509397238256, 0.3686990881719568, 0.20372262929867477
1624156387.8743265, -1.2180133373387232, 0.36992797395919974, 0.20433929051207944
1624156387.8840137, -1.2371508907358224, 0.34835319703023837, 2.4082310877514943
1624156387.894781, -1.2383551535355573, 0.3496132713549262, 2.406076632010998
1624156387.9039824, -1.23939396724958, 0.35085639447484707, 2.4042932987860666
1624156387.9143221, -1.2403819434141696, 0.35211623934134617, 2.4025506554853084
1624156387.9241605, -1.2414072318889464, 0.3533217595602622, 2.401857016397574
1624156387.9340565, -1.2423600447065315, 0.3545135571263079, 2.4001766003773635
1624156387.9437416, -1.2433496654129093, 0.35573732389474483, 2.3980615584662344
1624156387.953758, -1.2443866623217248, 0.3569166976490501, 2.3971980340728605
1624156387.9640415, -1.2454049106127185, 0.3580516619294443, 2.396332260618363
1624156387.974142, -1.2464500967001957, 0.3592552895695617, 2.3954933070566655
1624156387.9840484, -1.2475406616477989, 0.36047811626453014, 2.3933598453899405
1624156387.9944499, -1.248561326158465, 0.36182196647502607, 2.391454014751071
1624156388.0040953, -1.2495591217250543, 0.3631017193635269, 2.390926209232802
1624156388.014228, -1.2506560667260258, 0.3643650481471851, 2.389014651921028
1624156388.0238497, -1.2516795414145467, 0.3656768438088418, 2.386909849274578
1624156388.034101, -1.2527511800430045, 0.36686865834466176, 2.386508207194483
1624156388.0436337, -1.2538285780691567, 0.36808239238870766, 2.385398189400912
1624156388.0540032, -1.2548473553902695, 0.36921523629279235, 2.3843056112611287
1624156388.0637841, -1.255946533110244, 0.3704327719519567, 2.381395500780307
1624156388.0744567, -1.2569590841820153, 0.37168993345316576, 2.380230703520153
1624156388.0840867, -1.257964116085443, 0.37291903169275864, 2.3777444619623314
1624156388.0929582, -1.2589661135821526, 0.3741170728366088, 2.3747285316256534
1624156388.1040099, -1.2600061770916542, 0.37530940351993197, 2.3723164353755912
1624156388.1138175, -1.2610937637188842, 0.3765032919186035, 2.3723898811663724
1624156388.123438, -1.2621405437087843, 0.3777452234654976, 2.3707604564164972
1624156388.1339843, -1.2631409190614868, 0.3790156238125998, 2.3701610356117255
1624156388.1429896, -1.264110512425713, 0.38037702728551415, 2.3692686696177874
1624156388.1565962, -1.2651301248068878, 0.3817531938862131, 2.3677060316722547
1624156388.1636345, -1.266072539708012, 0.38305069462536406, 2.3665282004638186
1624156388.1738372, -1.2669918387946306, 0.38437603925911706, 2.3655046780082802
1624156388.1840396, -1.2680233972723371, 0.38560550995483533, 2.36398755596428
1624156388.194366, -1.2689723192620237, 0.38688930429117346, 2.3620678622246207
1624156388.2039309, -1.2699713683613125, 0.3881077301195524, 2.3603069834543806
1624156388.2143464, -1.2709766034907053, 0.38936358708790186, 2.3591118531881636
1624156388.2242692, -1.2719892882129142, 0.390684383468009, 2.357478936998536
1624156388.2346065, -1.2730114857705694, 0.39201264588486945, 2.3553620280149983
1624156388.244231, -1.2740221122215165, 0.39333970250532574, 2.3535732315706817
1624156388.2528822, -1.2749773830639535, 0.39456452455999674, 2.3517696942132447
1624156388.263945, -1.2759693120124296, 0.3957760921045098, 2.3500901520446806
1624156388.276409, -1.2769137413583143, 0.3969297663089704, 2.3486390865939044
1624156388.2837, -1.2778470931291452, 0.39813940061819775, 2.346119730557453
1624156388.2939932, -1.2788079414715952, 0.39937725044423755, 2.3465577917908766
1624156388.30347, -1.279719370954589, 0.40079308493484933, 2.345516122155247
1624156388.3141336, -1.2806729890069015, 0.4021062531720937, 2.3441315489709633
1624156388.3260248, -1.2816575679070963, 0.40351554710895116, 2.3421307466622574
1624156388.333844, -1.2826678978415729, 0.4048734103024337, 2.3415107871054723
1624156388.3450637, -1.28373446246981, 0.40612743302576865, 2.3404656091030627
1624156388.3540423, -1.2847596962234982, 0.40746773695430577, 2.338076200280316
1624156388.3645017, -1.2857265270002631, 0.40874698334980214, 2.336594719325997
1624156388.3743913, -1.28669199083847, 0.40998709665314637, 2.334046268457865
1624156388.3846157, -1.287641760550841, 0.4112265049798479, 2.3316561622032994
1624156388.3934987, -1.2883598795020368, 0.45263293593888115, 5.3012980298271755
1624156388.4036238, -1.2892148233358218, 0.4538841225149988, 5.2998498959051386
1624156388.4133835, -1.290074024599402, 0.45521439334942476, 5.2988962895877085
1624156388.4261146, -1.283116171318557, 0.43162807953578697, 2.965936500940207
1624156388.434235, -1.2839129177734916, 0.43289567771691795, 2.9648429348453074
1624156388.4439633, -1.284999396649634, 0.4342566999642277, 2.962756069039413
1624156388.4546125, -1.2859787143446761, 0.43562749652483457, 2.961444533433939
1624156388.464334, -1.2868272266892051, 0.436789194967619, 2.9694784686311375
1624156388.474448, -1.287752935697899, 0.4380446159805092, 2.9695667528060845
1624156388.4841838, -1.2885882643858968, 0.4395012273657022, 2.9577059075139354
1624156388.4933412, -1.2894131391606418, 0.44061237443145485, 2.967983246613029
1624156388.5040457, -1.290319323019073, 0.4418528421431136, 2.9715126799542912
1624156388.5141425, -1.2911270414871732, 0.4435551470849474, 2.9557315447521324
1624156388.5246446, -1.2919803239965064, 0.4449209397407963, 2.9565919924875925
1624156388.534438, -1.2929190930521535, 0.44633430883464864, 2.954776554163036
1624156388.5435903, -1.2939473406144537, 0.4472767370380267, 2.972277492341001
1624156388.5538898, -1.29472020147126, 0.44899325157708625, 2.947658901940048
1624156388.565829, -1.2957106049513099, 0.450149291850188, 2.9485511354965204
1624156388.5734231, -1.2966259004585454, 0.45144371504458575, 2.9467935666911496
1624156388.584079, -1.2974676977139141, 0.4527683285760655, 2.943708975583644
1624156388.5953634, -1.2982642177911201, 0.4541454134220857, 2.9443007528831684
1624156388.604545, -1.2991282862439266, 0.4555348019179809, 2.944296145344482
1624156388.6160514, -1.2999974017964533, 0.4569139618131121, 2.941271311458051
1624156388.6243677, -1.3008776428633122, 0.45819380835364226, 2.940444034311675
1624156388.6349146, -1.3018095133707945, 0.4594844068694505, 2.939238511130178
1624156388.6438797, -1.3027221496521875, 0.4606789752693757, 2.9378264497403923
1624156388.655894, -1.3036470732392023, 0.46184087892117004, 2.936098219828468
1624156388.6646044, -1.3045365481229079, 0.46303539715451036, 2.9337749184232367
1624156388.6749127, -1.3053628728995554, 0.46433252695893956, 2.930213847251712
1624156388.6863837, -1.3062834990071663, 0.46574795629856613, 2.9284285346887233
1624156388.695141, -1.3075951421594236, 0.4663545481278271, 2.9725037095553883
1624156388.7041664, -1.3078367768263255, 0.4684260064710293, 2.9361069332898158
1624156388.7146313, -1.3088094150506797, 0.47000255572138716, 2.9246471057033943
1624156388.7245495, -1.3096574821067681, 0.4713193284896552, 2.9251000409995704
1624156388.73474, -1.310566141782816, 0.47258003509401847, 2.923220224858596
1624156388.7441206, -1.3113542145942094, 0.47388958652442215, 2.9198441636341315
1624156388.7546608, -1.3121647986628795, 0.4751173867215566, 2.920714536574856
1624156388.7723064, -1.312990976097016, 0.476363326536197, 2.918433653910973
1624156388.7753248, -1.313725658391693, 0.47763848808977494, 2.9168610733313147
1624156388.7857258, -1.3144998386054876, 0.47903820827387567, 2.9132897036997045
1624156388.7951272, -1.315374462350772, 0.48040170971529506, 2.9124384506071803
1624156388.805479, -1.3162089227774303, 0.48178137087751993, 2.9114035737680943
1624156388.814836, -1.3170352711676625, 0.48310498685569264, 2.910176680330282
1624156388.8255432, -1.3178691782195362, 0.4845120763634952, 2.9088352596195164
1624156388.8342621, -1.318619749262512, 0.48594033667218917, 2.908287408551455
1624156388.8449907, -1.3194044293669303, 0.4873285550998949, 2.9050423224835873
1624156388.8552673, -1.3201334447567283, 0.488699443360415, 2.9041910901830894
1624156388.8645723, -1.320924248408751, 0.49008869493149093, 2.9040118569326747
1624156388.8745117, -1.321714326864778, 0.4915229334397219, 2.903642293163681
1624156388.8849216, -1.322462253693078, 0.49294065762893197, 2.90277753887177
1624156388.8952577, -1.3232692379483297, 0.49427579753423384, 2.9021736674528724
1624156388.9044323, -1.3241024296384332, 0.49571421066581456, 2.899363577338688
1624156388.9140272, -1.3249489729018873, 0.4970748074062896, 2.8988674756172985
1624156388.924211, -1.3257402769224158, 0.49850511832429883, 2.8958620638818333
1624156388.9339168, -1.326506044669911, 0.4998522970789973, 2.8945415004058637
1624156388.9440732, -1.3272611069110458, 0.5011211823926747, 2.894130844250104
1624156388.9538293, -1.3280574403354353, 0.5024127414617647, 2.892814944423574
1624156388.9642727, -1.3289000246535239, 0.503718028076315, 2.8889230171537332
1624156388.9752724, -1.3296455001091951, 0.5050513525482723, 2.8890380945676006
1624156388.982805, -1.3319570333813986, 0.5074761832185593, 2.638626763894125
1624156388.992987, -1.3327228052814788, 0.5089189253898386, 2.635659736558214
1624156389.0028064, -1.3334927125253344, 0.5103585051920433, 2.6333291531808536
1624156389.012989, -1.3342863816208181, 0.5117508173858581, 2.630488222518533
1624156389.0226495, -1.3350904759770597, 0.5131720970348747, 2.627434758896536
1624156389.032782, -1.3358996972751183, 0.5145320403384915, 2.6234890399672266
1624156389.0429204, -1.3366919905679164, 0.5158479991248104, 2.6211904178061634
1624156389.053065, -1.3374065748655535, 0.5170865745814794, 2.61987120301798
1624156389.0630138, -1.338086984791118, 0.5183451818926543, 2.61793814485007
1624156389.0726418, -1.338647611337898, 0.5196500155047572, 2.615947518370505
1624156389.082413, -1.3391725988042558, 0.5210274368529945, 2.6130151696465993
1624156389.0924914, -1.3397353426912586, 0.5223287462603152, 2.6102161520334484
1624156389.1024377, -1.340378394917024, 0.5237275285683214, 2.6084240664371894
1624156389.1125097, -1.3411054923617611, 0.5249968924254261, 2.605454482869412
1624156389.1227643, -1.3418202417046048, 0.5262838727760271, 2.6028101357343743
1624156389.132928, -1.3425121042779493, 0.52760270940555, 2.6005734613905562
1624156389.1425629, -1.343238475437136, 0.5289265689715434, 2.5986333300895366
1624156389.1533737, -1.3438920331077306, 0.5302616523236878, 2.596031530877341
1624156389.1625957, -1.344477027178083, 0.5316009483599138, 2.594868719978785
1624156389.1733785, -1.3450794699194957, 0.5330356140253132, 2.5924012465200006
1624156389.1824093, -1.345720658941405, 0.534451607290016, 2.5901221693629033
1624156389.1943104, -1.3463159529150022, 0.5358747742210758, 2.5886443622586213
1624156389.2034616, -1.3469918210889742, 0.5372575490632476, 2.5865001117013766
1624156389.213898, -1.3476812687070183, 0.5385978115872592, 2.5848064044335732
1624156389.223157, -1.3483138141019742, 0.5399341927506845, 2.5834799072837056
1624156389.233936, -1.3489636290189444, 0.5412839152713933, 2.579212249948439
1624156389.242793, -1.3495632953475758, 0.5426108116195544, 2.5791285890995654
1624156389.2532477, -1.3502118613890954, 0.5440327954673722, 2.576836243521566
1624156389.263082, -1.3508798969265372, 0.545469172227515, 2.573877973690424
1624156389.2735155, -1.3515807771520139, 0.546906554116361, 2.5729527115366766
1624156389.2829313, -1.3522126316109018, 0.5483378598028901, 2.5706151057036797
1624156389.293088, -1.3528262007707383, 0.5496815077440342, 2.5690602382268053
1624156389.3037798, -1.3534892117934143, 0.5511398515488685, 2.5661558788284498
1624156389.3139875, -1.3540798924680233, 0.5525098809122243, 2.563562158628319
1624156389.3237484, -1.3546748872747563, 0.5539429634299714, 2.5621653303079595
1624156389.3340566, -1.355279503083993, 0.5552876793372004, 2.5597819051205475
1624156389.3437867, -1.3558895305051681, 0.5567818958050572, 2.558592125008663
1624156389.3541396, -1.3565355839559432, 0.5581646989457442, 2.5550477840736496
1624156389.3638272, -1.3571772762974155, 0.5596476173923545, 2.5535162156240885
1624156389.3731568, -1.357840718002132, 0.5610724666472569, 2.5517394496009667
1624156389.385334, -1.3584752346827411, 0.5625500471896515, 2.549230789918131
1624156389.3931398, -1.3590600753790512, 0.5640193487075453, 2.546634563360167
1624156389.403095, -1.3596326212985603, 0.5654683424031532, 2.5446679479821714
1624156389.413406, -1.3601689780761397, 0.5669743487791046, 2.543160020536435
1624156389.4241128, -1.360747692208059, 0.5683874713985329, 2.540827859760865
1624156389.4332416, -1.3613735551913417, 0.5698707374235472, 2.538994303786936
1624156389.4430945, -1.3619705649719498, 0.5712847722574932, 2.537051454107361
1624156389.4529636, -1.3625224250431516, 0.5726815278651035, 2.536146301400099
1624156389.4631972, -1.3630942181862329, 0.5741172207455786, 2.5325104934526688
1624156389.473344, -1.3636550047083398, 0.575573751654774, 2.5305073854110387
1624156389.482896, -1.364216728393063, 0.5770432712186488, 2.5286029148616107
1624156389.493062, -1.3647838731734339, 0.5786211431752633, 2.5273024391535523
1624156389.5036895, -1.3653157654178878, 0.5801279988298866, 2.5248822262073536
1624156389.5133028, -1.3658924005868798, 0.5817351842427986, 2.522424066881474
1624156389.5240297, -1.366526394020374, 0.5831923988726664, 2.5203416310234816
1624156389.5329342, -1.3670300881929036, 0.5846500022665896, 2.5191548976847478
1624156389.5433083, -1.3675625859931846, 0.586119767266298, 2.5170629525635704
1624156389.55306, -1.3680472149084624, 0.5875912168224114, 2.514222379419079
1624156389.5637162, -1.3685740379280111, 0.5891375002569751, 2.5129740638555633
1624156389.5732894, -1.3690705635390967, 0.5905679026360492, 2.510403099244112
1624156389.5838628, -1.3695594795964607, 0.5920783822442939, 2.5088606649374117
1624156389.5935707, -1.3700828441946724, 0.5936014205069313, 2.5053810965070142
1624156389.6037526, -1.3706739910207746, 0.595099880787436, 2.5039459034430336
1624156389.6133628, -1.3712642264687867, 0.5966274551110666, 2.5022383849057817
1624156389.623825, -1.3717560441739274, 0.5981257229468675, 2.500001458389032
1624156389.6336932, -1.3722563596757544, 0.5996810563762941, 2.497679340429229
1624156389.6437032, -1.3727546614553856, 0.6011910816285044, 2.495009883345512
1624156389.6534894, -1.3732515506548548, 0.6026192693827945, 2.492641935527294
1624156389.6632712, -1.3737312363210705, 0.6040025415122572, 2.4890689527809955
1624156389.674389, -1.3741950996243846, 0.6053759590387432, 2.487573538777547
1624156389.6837482, -1.3746685340981313, 0.6066736366311126, 2.486633369393189
1624156389.6944337, -1.3751638590916033, 0.6081075905369846, 2.484175355622518
1624156389.7039726, -1.375621161020755, 0.6095642780359501, 2.4822526584822917
1624156389.714308, -1.376077505292092, 0.6112090587223725, 2.4810373647954806
1624156389.7236168, -1.376534142728577, 0.6128119893764316, 2.478097189172221
1624156389.7349575, -1.3770325492643198, 0.6144165392987383, 2.475396137444321
1624156389.7429786, -1.3775883477631476, 0.6159287688928874, 2.472168479681458
1624156389.7543497, -1.378109937232723, 0.6173364474088944, 2.4690390159953974
1624156389.7637656, -1.378610454024072, 0.6186569967970094, 2.466525576970327
1624156389.7768157, -1.379107067621245, 0.6199159559841224, 2.4639992852595807
1624156389.7835588, -1.3795633502804383, 0.6211954121569935, 2.4626781635969333
1624156389.795152, -1.3799195558069492, 0.622530808568265, 2.461563695196314
1624156389.8033073, -1.3802612772232057, 0.6239863180712862, 2.459741182827578
1624156389.813831, -1.380716159540976, 0.6255418013425643, 2.4575870110440867
1624156389.822939, -1.3811903654077022, 0.6271515925844016, 2.455059846733645
1624156389.8332622, -1.3817636451982165, 0.6286957975977564, 2.45271809024949
1624156389.8430188, -1.382317511806339, 0.6302565678286502, 2.4522331644669584
1624156389.8533463, -1.3828925902434237, 0.6317444822443145, 2.449299446166727
1624156389.8632414, -1.383367399294167, 0.6332743675352589, 2.447609300008886
1624156389.8732152, -1.3838356899768258, 0.6347137337471387, 2.4452347815157687
1624156389.883009, -1.3842958916748282, 0.6361082111626726, 2.443620888285827
1624156389.892978, -1.3847341201388854, 0.6374920224137752, 2.4423254729437303
1624156389.9030213, -1.3852249507086376, 0.6389846475175841, 2.440254748395598
1624156389.9146862, -1.38567771897902, 0.6404166186512791, 2.436876936347063
1624156389.9232018, -1.3861487896012543, 0.641912392879303, 2.4356126585187656
1624156389.933674, -1.3866870952153563, 0.6434154492951274, 2.433773211690048
1624156389.9430354, -1.3872220484903426, 0.6449812709780708, 2.4310855540107825
1624156389.9531317, -1.3876667555674744, 0.6465804150964765, 2.4288163262078326
1624156389.9629347, -1.3880960001393985, 0.6481305583108444, 2.427574249886564
1624156389.9731934, -1.3885943273264345, 0.6496101047189416, 2.425459401398741
1624156389.982788, -1.3890488723422338, 0.6511288713608402, 2.4235771604945704
1624156389.9932072, -1.3894973897688774, 0.6525964826025435, 2.4212718864866343
1624156390.0038476, -1.38994561812457, 0.6539909388661218, 2.418696873504172
1624156390.0127697, -1.3902690324479372, 0.6553903939067595, 2.4173018962685684
1624156390.0230322, -1.390635303698369, 0.6569449166958669, 2.415115060423981
1624156390.0327387, -1.390973783838515, 0.6583523737759371, 2.4119643490997613
1624156390.0430841, -1.391370791473541, 0.6599434455334698, 2.409445939901693
1624156390.052747, -1.3917884645331764, 0.6613741219867184, 2.4067519495231107
1624156390.063289, -1.3922245317438187, 0.6628856057975222, 2.4043859949025554
1624156390.0726442, -1.39269691362741, 0.6642669038238331, 2.402382399266819
1624156390.0835328, -1.3931637970887867, 0.6657369345176455, 2.400733464731551
1624156390.0931547, -1.3935566992538655, 0.667269260999176, 2.400106377046467
