1624156279.9624908, -0.7010803448777906, 0.6632424806993323, 2.695988271671938
1624156279.970673, -0.70167888585701, 0.6647144576801193, 2.6984349891766897
1624156279.982324, -0.7021407339214278, 0.6661493920428397, 2.695842396249531
1624156279.990326, -0.7026892044016455, 0.6676585626438896, 2.693271046883521
1624156280.0014675, -0.7032553908286835, 0.6691115130789801, 2.6937837237979516
1624156280.0109913, -0.703817608770841, 0.6703241287184855, 2.697447542890372
1624156280.0231853, -0.7025712451995225, 0.6710052873938057, 2.637949870515736
1624156280.0307696, -0.7026708620254252, 0.6713510369712575, 2.6387752995398297
1624156280.0425732, -0.7026180179551452, 0.6711190273953668, 2.6408114751608047
1624156280.0502534, -0.7024647664864783, 0.6706120677003157, 2.6438809431038472
1624156280.0635407, -0.7023619103604718, 0.6700503789530842, 2.646444644795651
1624156280.0706391, -0.7021029753881092, 0.6694914340156601, 2.649640560111305
1624156280.0808845, -0.702232903723538, 0.6687494078269847, 2.692648621998561
1624156280.090457, -0.7018483042755954, 0.6682286437412587, 2.6937119253703443
1624156280.1015635, -0.7015181700565715, 0.6677806155791507, 2.6935756746214072
1624156280.1112585, -0.7012947997846579, 0.6672830089944088, 2.694941621485494
1624156280.125189, -0.7010257868277782, 0.6666777178786298, 2.6975906128167773
1624156280.1305337, -0.7007452580181315, 0.6659395371736445, 2.7014014806168674
1624156280.1410627, -0.7000906454578573, 0.665280885625024, 2.668798500424684
1624156280.150647, -0.7004296848191667, 0.6647569218815719, 2.6813160539363863
1624156280.1613495, -0.7002788386622194, 0.6637114185822804, 2.7091607925314625
1624156280.1715198, -0.6997969859035608, 0.6627091275193627, 2.708918794438592
1624156280.1806626, -0.6993761875735108, 0.6616268641409546, 2.7097325119431215
1624156280.1901102, -0.698993213358886, 0.6605163777122603, 2.713331595283223
1624156280.2006593, -0.6987007878763682, 0.659380706141738, 2.7173020766460994
1624156280.2103422, -0.6979311546032477, 0.6583660803001923, 2.6878771599943376
1624156280.2204666, -0.6978424435546347, 0.6572183838559779, 2.7145666898109253
1624156280.2303212, -0.6974202251289234, 0.6562172384830585, 2.7147129167474593
1624156280.2427034, -0.6969850829682218, 0.655241864478633, 2.7193440726457245
1624156280.250663, -0.6965270028484413, 0.6541418482510386, 2.723798862186622
1624156280.2606921, -0.6960487726741246, 0.652993480106075, 2.7200936904294175
1624156280.270432, -0.6956732313135463, 0.6516997093939079, 2.7177312121420925
1624156280.2802894, -0.6953928227894588, 0.6503464646869219, 2.7246214505805884
1624156280.2903636, -0.6950437084321542, 0.6489789042071991, 2.7297114778820433
1624156280.300474, -0.6942389185316883, 0.6478074047410749, 2.704778390670029
1624156280.310404, -0.6940643196776136, 0.6465177833795066, 2.7230359735775305
1624156280.3206556, -0.6936219962898901, 0.6454326611717159, 2.7278215448365155
1624156280.3300846, -0.6932171118095508, 0.6443976213522455, 2.7336062707869906
1624156280.3403082, -0.6928530800900979, 0.643398481134101, 2.735976474241371
1624156280.3501294, -0.6925235286086504, 0.6423458883734416, 2.7299988603240486
1624156280.3604975, -0.6920548389301862, 0.641215094972511, 2.7151951786178876
1624156280.370314, -0.6920054722355129, 0.6399105337264815, 2.736771136337874
1624156280.3802495, -0.6912961061693508, 0.6387953419306182, 2.7212856333022066
1624156280.3905647, -0.6910790805561189, 0.637486339931609, 2.7365484604455403
1624156280.4003136, -0.6905594059299054, 0.6362530458956072, 2.731570851133423
1624156280.4121072, -0.6902304109072002, 0.634928203028188, 2.73810438658476
1624156280.4208858, -0.6898794828171352, 0.6336511722305754, 2.746551281576352
1624156280.4315553, -0.6894145967471299, 0.6323938541965985, 2.7422257383227158
1624156280.4407406, -0.6889432955666712, 0.6311498113064057, 2.737096577116851
1624156280.451786, -0.6885290105249978, 0.6298349930489954, 2.742944831751411
1624156280.4609327, -0.6882589399323562, 0.6285077036345614, 2.7522330891100117
1624156280.471666, -0.6878341741687964, 0.6272205586068709, 2.7446736425246354
1624156280.481226, -0.6874031140401736, 0.6259783685613778, 2.7399628715418434
1624156280.491645, -0.6870603233137543, 0.6245924436103715, 2.7519114579711172
1624156280.5014427, -0.6866608645429091, 0.6232745796590807, 2.755435575048363
1624156280.5114362, -0.6862184255031382, 0.6219659438768436, 2.7496946924645727
1624156280.5213966, -0.6857173146097414, 0.6206028604255501, 2.7469654661655447
1624156280.5344663, -0.6856026678591258, 0.6191933946367655, 2.764081764926148
1624156280.5408983, -0.6852118133242506, 0.6179055249707461, 2.757474164580522
1624156280.5514636, -0.6847592722203301, 0.6165584111177754, 2.7501718186174897
1624156280.5613017, -0.6843371313194239, 0.6151644749952151, 2.751619924823598
1624156280.5716388, -0.6841037367568926, 0.6137673443888655, 2.764578039832708
1624156280.5816188, -0.6836707681244787, 0.6123951662298066, 2.75798498154662
1624156280.5912197, -0.6832515826298118, 0.6110413903726208, 2.7508984553811255
1624156280.6023905, -0.6831812893411134, 0.6096074181145916, 2.7715358647745623
1624156280.6111844, -0.6825855911373889, 0.6082696669529551, 2.765872872587753
1624156280.621514, -0.6821566788072877, 0.6069521156528818, 2.7585896568955
1624156280.6309683, -0.6817423907367688, 0.6055092331930584, 2.7594347595171955
1624156280.6421254, -0.6815484961325649, 0.6041073928768586, 2.771235515886037
1624156280.6523192, -0.6811265286249931, 0.6026927400635604, 2.7638411843515844
1624156280.6628575, -0.6808003316171382, 0.6012789689048511, 2.75532967697786
1624156280.672158, -0.6805745264625153, 0.5996929529190195, 2.7710957675042125
1624156280.681845, -0.6803058514311421, 0.5982799624898681, 2.768677262267955
1624156280.6923401, -0.6443836756994199, 0.6405846733702907, 6.149515960823226
1624156280.7019775, -0.6439745035977732, 0.639140927850421, 6.149662040273368
1624156280.7120829, -0.6436122902587474, 0.6377125171690438, 6.149088380482211
1624156280.721925, -0.643295367706822, 0.6362903769905649, 6.14894583971955
1624156280.7317643, -0.6429539534612948, 0.634918926189454, 6.147323840712566
1624156280.74242, -0.6426214139867634, 0.633512147134455, 6.146952173544546
1624156280.7520554, -0.6422456293082792, 0.6321432154577512, 6.146581852100758
1624156280.7617128, -0.6418468683904437, 0.6307813022560681, 6.1449781790424245
1624156280.7713578, -0.6415017029974266, 0.6294105955888502, 6.147316631428831
1624156280.7818332, -0.6382587448249444, 0.60470898987223, 4.431118390996088
1624156280.791396, -0.6380109997975405, 0.6033312162494678, 4.428846296884477
1624156280.8020093, -0.6376842443190688, 0.60197858621046, 4.4298707351536635
1624156280.812626, -0.6373871572726938, 0.6006041082196113, 4.4286875515994435
1624156280.82202, -0.6370550113924915, 0.5991214055758335, 4.4280097202678
1624156280.8325427, -0.6367794850012836, 0.5976829025062257, 4.4274674029226855
1624156280.8413541, -0.6364904964556671, 0.5961664876787698, 4.427331256328796
1624156280.8521132, -0.6362150001932024, 0.5947145998597059, 4.426743779534406
1624156280.8618252, -0.6359344682590109, 0.593269477387199, 4.427843264138249
1624156280.8718824, -0.6356758798905537, 0.5919741585668951, 4.428236100379097
1624156280.8818119, -0.6354306131182095, 0.5906273445371464, 4.42787816395585
1624156280.892557, -0.6352210295443932, 0.5893067828036958, 4.426895992910648
1624156280.9018805, -0.6349972329728596, 0.5879783738420321, 4.427081452039237
1624156280.912212, -0.6347227640421071, 0.5865845852585239, 4.427189987050003
1624156280.9219723, -0.6344112111628755, 0.5852266856629826, 4.426780687363989
1624156280.9323757, -0.6341272370548178, 0.5837905806764231, 4.428055403146162
1624156280.9436412, -0.6338634131296592, 0.5822555279541026, 4.427772780937562
1624156280.9525888, -0.6336220906532679, 0.580829347390324, 4.427410751260592
1624156280.9626353, -0.6333560419814389, 0.5793875279633853, 4.42673157164041
1624156280.971922, -0.6331654879609208, 0.5779202690368809, 4.425016717918407
1624156280.9819133, -0.6328867684891111, 0.576414264677348, 4.425530207745693
1624156280.992102, -0.6508411863346412, 0.565170314037417, 1.6321808132077973
1624156281.002225, -0.6507940789433649, 0.5636424617140879, 1.6294558620586197
1624156281.0122602, -0.650091137636414, 0.562329296512689, 1.6322179317016936
1624156281.0229867, -0.6498858961667826, 0.5609122371224426, 1.6340813322898096
1624156281.0319657, -0.6500185775129691, 0.5592436874384673, 1.6230835069868657
1624156281.045884, -0.6494509285775284, 0.5579197658930583, 1.6242769713375187
1624156281.0519786, -0.6489246686388185, 0.5565396961750885, 1.628504823180278
1624156281.0626729, -0.6491029206143174, 0.554894916793152, 1.6181871641455232
1624156281.0720155, -0.6488190352471962, 0.5533598342084701, 1.6158430709372433
1624156281.0824397, -0.6484389104179455, 0.5518449339116547, 1.6117152100270908
1624156281.0922594, -0.6481404058585801, 0.5503468961600146, 1.6097703391077613
1624156281.102765, -0.6474706378791736, 0.5491939524958382, 1.618194652412157
1624156281.1123445, -0.6476864822815211, 0.5475696336416305, 1.6051971927933002
1624156281.122381, -0.6475097713306915, 0.5461519828905369, 1.6016967813185619
1624156281.132331, -0.6471835765719152, 0.5446873949571437, 1.6025847307353722
1624156281.1427207, -0.6465677632143733, 0.5434855014138441, 1.6114081690686204
1624156281.153228, -0.6463406389814528, 0.5419001695062479, 1.6098561358763983
1624156281.164804, -0.6459431192210059, 0.5402948792308628, 1.6061593099970126
1624156281.172075, -0.6462959285475792, 0.5384953837327751, 1.5925376699558869
1624156281.1826243, -0.6455245716110842, 0.537324699821544, 1.6037479026816983
1624156281.1923392, -0.6457833663926785, 0.5355899595831158, 1.5897819465897784
1624156281.203332, -0.645560417757085, 0.5341607971027484, 1.5875374368759678
1624156281.2123108, -0.645448242385754, 0.5327484761397772, 1.5861330391565287
1624156281.2229958, -0.6452907778703691, 0.5312395535770167, 1.5849412630581454
1624156281.23339, -0.6451869891648592, 0.5297732919397642, 1.5821729753039784
1624156281.2424438, -0.6444569312522725, 0.5285901029832858, 1.593442326853865
1624156281.253256, -0.644764518573484, 0.5268027422591061, 1.578479432179819
1624156281.2625582, -0.6444959294058454, 0.5252339585451254, 1.576012256291422
1624156281.2724946, -0.6442688505428793, 0.5238616565454651, 1.5730633227236486
1624156281.282554, -0.6440183500399633, 0.522347358340799, 1.5720649602690095
1624156281.2928069, -0.6438090385750446, 0.520851188857758, 1.569273551126921
1624156281.3025684, -0.6435451604112369, 0.5193121178278254, 1.5671627635860137
1624156281.3129702, -0.6433919993495992, 0.5178295283853499, 1.5633710347145302
1624156281.3223898, -0.6432233961194528, 0.5163804014027, 1.56309410507778
1624156281.3337069, -0.6429817548250389, 0.5149600295219469, 1.5607224091771414
1624156281.3424118, -0.6428251070945272, 0.513494991763452, 1.5578884601933498
1624156281.352715, -0.6426396224702094, 0.5120424077468493, 1.5546691796115821
1624156281.3646548, -0.6424329643851242, 0.5106835698453985, 1.553109254602269
1624156281.3726113, -0.6422328273429336, 0.5092551667391156, 1.5498705267588164
1624156281.3836195, -0.6420531891025789, 0.5078498880526373, 1.548530935931999
1624156281.3932412, -0.6419508565551665, 0.5063847211664184, 1.5456652251637504
1624156281.403242, -0.6418081569385853, 0.5049822405655747, 1.5434547532478553
1624156281.4128392, -0.6416217519184755, 0.503527344445852, 1.5408140468035516
1624156281.4237318, -0.6414512887246446, 0.5020362602752722, 1.538470006576782
1624156281.4328432, -0.6412505316517749, 0.5005448635491169, 1.536284239252042
1624156281.4442577, -0.6410241299219356, 0.4989864336258883, 1.5334178865860493
1624156281.4550474, -0.640838821363011, 0.4974840109555413, 1.532360596851836
1624156281.464499, -0.6406391982318265, 0.4959495180620891, 1.5297006532558592
1624156281.4726636, -0.6405512423988863, 0.49446218109493156, 1.5266690531281901
1624156281.4829805, -0.6404521656090059, 0.49295057474170517, 1.522943769318767
1624156281.4925056, -0.640345500644102, 0.4916213685399514, 1.5213952731187712
1624156281.5031893, -0.6402327365312864, 0.4902356381311816, 1.5191341888104881
1624156281.512266, -0.6401167105837182, 0.4889763657416595, 1.5161775471236258
1624156281.5227356, -0.639977603690293, 0.4875386659905989, 1.5139073887359058
1624156281.532063, -0.6398407507552031, 0.4861044512047741, 1.5117398616232125
1624156281.542537, -0.6396646011529586, 0.4845584586445926, 1.5092374284665777
1624156281.5526114, -0.6396145595269368, 0.48292950212727126, 1.5073013985402437
1624156281.5622091, -0.6396002118376405, 0.4812967131309099, 1.505204080408983
1624156281.5744023, -0.6395700572582174, 0.47972522093985775, 1.5024376983029488
1624156281.582495, -0.6394957286319336, 0.478199499445289, 1.5000613657368622
1624156281.5920274, -0.6393960061099145, 0.4768257065169331, 1.4966627936296948
1624156281.602464, -0.6392230159677781, 0.47548439646571405, 1.4954589210335298
1624156281.6131341, -0.6390997266571785, 0.4741786199769989, 1.4928124440019637
1624156281.6227083, -0.6389596150659245, 0.47279752063680164, 1.4919148678824359
1624156281.6338592, -0.638927130144583, 0.47133193471321494, 1.4892954954799258
1624156281.6430085, -0.6389525489552517, 0.4697852223764243, 1.4872282766127602
1624156281.6527464, -0.6389630650523351, 0.46821871149551064, 1.4836479100206652
1624156281.6714244, -0.6388740837473627, 0.4666409821798343, 1.4809227285151956
1624156281.6735415, -0.6387355081332659, 0.46522449046303327, 1.477634194629475
1624156281.6828964, -0.6385714731778422, 0.46384823247719936, 1.4748319804512378
1624156281.6931534, -0.63840504289446, 0.4625425451057629, 1.4717614833379238
1624156281.7029343, -0.6382341753650697, 0.46126692137191055, 1.470811634630324
1624156281.7134213, -0.6381731529907672, 0.45989237420317464, 1.4679918587742125
1624156281.7229311, -0.6381386095217624, 0.4584570811992919, 1.4668906917750102
1624156281.732789, -0.6381406312135157, 0.4569272690077558, 1.465550468196904
1624156281.7423673, -0.6381908216615225, 0.45535018825120654, 1.4624964394322988
1624156281.752172, -0.6382111200007031, 0.4536886723054433, 1.4611266241178773
1624156281.7622192, -0.6381626101907488, 0.45200790461034424, 1.4607978106816049
1624156281.7727013, -0.6381137360430852, 0.45029200600737923, 1.4588875182943668
1624156281.7821748, -0.6380911374901199, 0.4486805720937654, 1.4569510676512618
1624156281.7923577, -0.6381156056232004, 0.4471411787462067, 1.455493727135476
1624156281.801996, -0.6388677761121785, 0.44552981127693414, 1.4422808105111455
1624156281.812153, -0.6388911122480414, 0.4439911930560455, 1.440876515867861
1624156281.8215885, -0.6388920045156695, 0.4425012768534094, 1.439101105267014
1624156281.8314893, -0.6389588060147573, 0.44103161375209193, 1.4371643740486635
1624156281.8416545, -0.6390046263392508, 0.43959241455544157, 1.4357843396992829
1624156281.8526611, -0.6389775041394588, 0.4381043601234676, 1.4352814901969275
1624156281.864319, -0.6390236741147437, 0.4366012753445569, 1.4325828447493587
1624156281.8719294, -0.6390832897083183, 0.43509228770750064, 1.4303217714136727
1624156281.8808944, -0.6391302436023903, 0.43354040304604374, 1.4288009848662138
1624156281.8918781, -0.6391415337597932, 0.4319218583064864, 1.4275324522620951
1624156281.9014256, -0.6392137521276149, 0.4302645874352212, 1.4249107193425965
1624156281.9121199, -0.6392689362392139, 0.4286599230997009, 1.4227034230340505
1624156281.9216652, -0.6393106319126575, 0.42713949392619494, 1.4209929846854048
1624156281.9310298, -0.6393084725568188, 0.4256244858978843, 1.419560462144606
1624156281.9414024, -0.6393599472632052, 0.4241459435825382, 1.417470742467423
1624156281.9518127, -0.6393981696235501, 0.4226809296369453, 1.4154314141106679
1624156281.9611905, -0.6394685588360072, 0.42117208262962624, 1.414144343242511
1624156281.9716704, -0.6394308599248981, 0.4197208745034613, 1.4124152653328812
1624156281.9833887, -0.6394610966877754, 0.4182509935761474, 1.409543854286803
1624156281.9913597, -0.6395191456645514, 0.41667476007872484, 1.4074810870561756
1624156282.0013964, -0.6395318824369097, 0.41512230324470456, 1.405613669401466
1624156282.011458, -0.6395671273645868, 0.4135435273366012, 1.4040180471618293
1624156282.021342, -0.639567020900613, 0.41198168621629505, 1.4020227357967046
1624156282.0307813, -0.6396073551262393, 0.41042715258791945, 1.3995336761604342
1624156282.0411198, -0.639643464639292, 0.4089182931960266, 1.3975005497005877
1624156282.0514503, -0.6397000572225959, 0.4073905074569069, 1.3959090918881778
1624156282.061356, -0.6397715090049347, 0.40589047633017317, 1.392577348912545
1624156282.073603, -0.6399065181929448, 0.4043840268314326, 1.3901347374090216
1624156282.0814915, -0.6399674241234466, 0.4028927624850279, 1.3891276014457699
1624156282.090462, -0.6400223371053264, 0.4013656378736305, 1.3871629764112345
1624156282.1015368, -0.640063938584046, 0.39979670405177414, 1.3844516896002501
1624156282.1116965, -0.6401417487765527, 0.39827180677213875, 1.381804741524023
1624156282.1209404, -0.6401568936462556, 0.39675692821676195, 1.3791063730548583
1624156282.1314561, -0.6401885420161492, 0.3952732138953525, 1.3763574107159777
1624156282.141174, -0.6401944394912659, 0.3938237331463449, 1.3740532593368757
1624156282.1515908, -0.6402478849397137, 0.39246923147352486, 1.371898703566106
1624156282.1615226, -0.6403129852699283, 0.39097471330810174, 1.3712663419774354
1624156282.1713972, -0.6400368605295895, 0.3893429248916358, 1.3708406511876048
1624156282.1817439, -0.6400255229400661, 0.387802686002903, 0.8494455417337725
1624156282.191516, -0.6401933935730365, 0.38619843112620983, 0.848231072911938
1624156282.2013755, -0.640338450323077, 0.38453850084136143, 0.8462818738041361
1624156282.2116656, -0.6404108392406631, 0.3830366211187932, 0.8452401098435592
1624156282.221742, -0.6404893994258785, 0.38157255603657486, 0.8431767498482431
1624156282.2316713, -0.6404642979912686, 0.3801774509256625, 0.8426835598675572
1624156282.2423487, -0.6404844660455801, 0.378752124715796, 0.8415393818265002
1624156282.2511685, -0.6406079466658237, 0.3773172334306918, 0.8407203253096434
1624156282.2621589, -0.6407777774333842, 0.37584249588274293, 0.8387829705587418
1624156282.2731462, -0.6409741515153904, 0.3741980078423447, 0.8378119073523856
1624156282.2829053, -0.6411083875282504, 0.37259867363707, 0.8363451288719879
1624156282.2915852, -0.6412666021480254, 0.37098875941333265, 0.8343882623849286
1624156282.3023298, -0.6413682428783969, 0.3694643920664753, 0.8322769904036104
1624156282.3116686, -0.6414548930830272, 0.36795025553652494, 0.831075505049814
1624156282.32269, -0.6415616622087135, 0.36654603715143685, 0.829629755318249
1624156282.3308628, -0.6417316061972101, 0.36513934646735036, 0.8285176728844043
1624156282.343037, -0.6419738916775185, 0.3636834936874073, 0.8269880951487931
1624156282.351778, -0.6421980631528522, 0.362154844713801, 0.8257779197348109
1624156282.36267, -0.6423781981080748, 0.36055749274887766, 0.8239113235736493
1624156282.3717678, -0.6425272736381547, 0.35897813534644474, 0.8222503757600658
1624156282.3819752, -0.6426329211960922, 0.3574440973669064, 0.8200909538948612
1624156282.3930182, -0.6426740115215913, 0.3559430621722077, 0.8181401915804165
1624156282.4023128, -0.6427474172592595, 0.3544743042177971, 0.8168308707817458
1624156282.4117353, -0.6428890618611225, 0.3530637375714134, 0.8155878832826824
1624156282.421808, -0.6431656319168495, 0.35162851637623743, 0.8144148960712809
1624156282.4316967, -0.6434695998701635, 0.3501246011870996, 0.8125004582692438
1624156282.4421723, -0.6437434365591345, 0.3485675837382942, 0.8120240551477917
1624156282.4525118, -0.6439368728520974, 0.3471459845636684, 0.8100221953612812
1624156282.4623466, -0.6593875010554756, 0.36349096124236746, 0.6356857996850284
1624156282.4722302, -0.6594856669922162, 0.362010596031433, 0.6346056191954726
1624156282.4814825, -0.6595568760762192, 0.36055209033391605, 0.6325986784336911
1624156282.492321, -0.6597669304123688, 0.3590687379687745, 0.6300704494348285
1624156282.501819, -0.6599711190603937, 0.3576763913896305, 0.6287721301743453
1624156282.5121524, -0.6601653084711943, 0.35618500449357404, 0.6281345093174926
1624156282.5218966, -0.6603078063156002, 0.35475081762528715, 0.6269492225388362
1624156282.5329564, -0.6604786618346251, 0.35332007926911935, 0.6254910129226218
1624156282.5420535, -0.6607025151218793, 0.351930243916747, 0.6237645033387456
1624156282.552323, -0.6609539947677322, 0.3503941426948015, 0.6234230255322729
1624156282.561931, -0.6612381116672318, 0.34891526445654003, 0.6220877637998067
1624156282.572082, -0.661499119762123, 0.34730294660790223, 0.6210469304714464
1624156282.5817835, -0.6617681200866518, 0.34572900838484005, 0.6185214181925401
1624156282.5929925, -0.6619843511641271, 0.34417734449403503, 0.6176022503989601
1624156282.6021388, -0.6621337295718506, 0.3425939474425024, 0.6170701031422459
1624156282.6121304, -0.6623386295650007, 0.34107334768779135, 0.6144338438834812
1624156282.621851, -0.662536613319206, 0.33959316601284634, 0.6125690417168467
1624156282.632342, -0.662781518213152, 0.3381187932638579, 0.6114291220236522
1624156282.6418025, -0.6629212955582084, 0.3366335543329736, 0.6097716267241288
1624156282.6522026, -0.6630781959080948, 0.3351148076926771, 0.6090328166081334
1624156282.6618922, -0.6632739145130602, 0.33360199233153426, 0.607886180031673
1624156282.675915, -0.6634490564746653, 0.33207552098395615, 0.6067330792423304
1624156282.6876628, -0.6636300961019055, 0.3306168957945662, 0.6050931836932738
1624156282.6918564, -0.6637707216338609, 0.32915952403524656, 0.6030978822260965
1624156282.7028577, -0.6639850137829307, 0.32761583730475097, 0.6015822796437136
1624156282.7119775, -0.6641893526640096, 0.3260919649380967, 0.5987313887281065
1624156282.722829, -0.6644176373418115, 0.32452126493286015, 0.5985594966319208
1624156282.7319713, -0.6646374361789574, 0.3229938695909962, 0.5960458321737193
1624156282.741165, -0.6648687744415145, 0.32147724708945363, 0.594020147913045
1624156282.7515595, -0.6650853069004337, 0.3200273797542483, 0.5927987552293622
1624156282.7613745, -0.6652640222891865, 0.3185947682960946, 0.5901235147626281
1624156282.7713933, -0.6654152332013853, 0.3172385184927408, 0.5871465469385793
1624156282.7813954, -0.6656322433992972, 0.315919340729891, 0.5852618816884636
1624156282.791601, -0.6658582858410802, 0.31452185200536076, 0.5836313786967725
1624156282.8018456, -0.6661709018223867, 0.3130653862587612, 0.5826416359957921
1624156282.8109903, -0.6664679913402898, 0.3115001981923747, 0.5820495979859428
1624156282.8220723, -0.6668341372724986, 0.30986585251589355, 0.5817331201915769
1624156282.8316085, -0.6671946589115477, 0.3082629348362123, 0.5788756862939282
1624156282.8413446, -0.6674995500110157, 0.3066384392149112, 0.5774518603576508
1624156282.8505743, -0.667722427084392, 0.30513833541465957, 0.5737463207904838
1624156282.8615415, -0.6679653347870503, 0.30370804331720175, 0.5714053897848049
1624156282.8701954, -0.6681726676023414, 0.3023812293067995, 0.5704032197818525
1624156282.880438, -0.6684012650996718, 0.30103830824699185, 0.5683713132685342
1624156282.8903232, -0.6686252339704403, 0.29971366433432145, 0.5680741238984628
1624156282.9006236, -0.6689950324781404, 0.298247563271721, 0.5669945763448057
1624156282.9112067, -0.669389979075989, 0.2968194713179864, 0.5652295571962281
1624156282.9206524, -0.6698234695909674, 0.2953134962873449, 0.5629265723758665
1624156282.9309855, -0.6702019551168854, 0.2937934329765161, 0.5611068244292083
1624156282.9415004, -0.6704727677635268, 0.29230775566675177, 0.5580050888051752
1624156282.9514706, -0.6707551372030657, 0.2908242774369474, 0.5569059381157778
1624156282.9618344, -0.6710410638310941, 0.289428123734051, 0.5552254024955495
1624156282.9716315, -0.6713361062131418, 0.28803695499720017, 0.5543613914002394
1624156282.9820797, -0.6717210334972523, 0.2866850614729194, 0.553222727044281
1624156282.9915795, -0.6721475824875046, 0.2852512722566429, 0.551697774407868
1624156283.0014803, -0.6726378604593545, 0.2838770117370522, 0.5493860561426579
1624156283.0117426, -0.6729891678209754, 0.2823946216191226, 0.547999741091596
1624156283.0216963, -0.673307510530143, 0.2809125893542593, 0.5444556908207074
1624156283.0314145, -0.6736059529538868, 0.2793767649819149, 0.5433847121538357
1624156283.0417817, -0.6738271978899817, 0.277944367501146, 0.5420048356150978
1624156283.051717, -0.6742016891786384, 0.2764605524169973, 0.5407461178476791
1624156283.0621598, -0.6745909293473182, 0.27504747575030664, 0.5401432468405114
1624156283.0719836, -0.6750451365809901, 0.2736038818413728, 0.5385301578284534
1624156283.082157, -0.6756207656118335, 0.27214000647362224, 0.5365656430433366
1624156283.0934362, -0.6760857254726714, 0.27064827179527656, 0.5345404182321579
1624156283.1023211, -0.6764538356493789, 0.2691753240979693, 0.5326616151051838
1624156283.1116846, -0.6767362502221879, 0.2677208798167457, 0.5318343234341133
1624156283.1218302, -0.6770704278512104, 0.26629579454867747, 0.5304352185844988
1624156283.1317403, -0.6773933683246187, 0.2648384034594492, 0.5299959479310414
1624156283.1416788, -0.6777438195394402, 0.26337958354958135, 0.5303885682431003
1624156283.1519904, -0.6782424750430012, 0.26203989624425267, 0.5294961129121364
1624156283.1619837, -0.6788509429004691, 0.2606464812053667, 0.5292703389958163
1624156283.1722424, -0.679431879344826, 0.2592129773403743, 0.5293075442181553
1624156283.1820173, -0.6800583662926678, 0.2577242661547016, 0.5293454450823427
1624156283.1950788, -0.6805829773658656, 0.2561618113692348, 0.5298678428457051
1624156283.2018585, -0.6810834198959326, 0.2546654886118428, 0.5291684052447845
1624156283.2138302, -0.6815760881325912, 0.2531195312163121, 0.5292742370348482
1624156283.2219052, -0.6819993520149619, 0.25159292783124015, 0.5298085146599748
1624156283.2338874, -0.6825245621505339, 0.25011306445238046, 0.5297714584999427
1624156283.2419398, -0.6831290385371891, 0.248600572367774, 0.529793743918488
1624156283.2523665, -0.6836911278480111, 0.24705924234199508, 0.5290956104494484
1624156283.2622669, -0.6842321133462299, 0.24553291599732888, 0.5287210478253686
1624156283.2730014, -0.6846862161524225, 0.24400105641711092, 0.5291928747173178
1624156283.2819328, -0.685065135361236, 0.24248633754588814, 0.5290111250056154
1624156283.2924287, -0.6854786364167076, 0.24104865386728364, 0.5282920199848113
1624156283.3026528, -0.6858710862445485, 0.2395663417653334, 0.52648154509202
1624156283.3157008, -0.6862829111569073, 0.23812683886024216, 0.5248994357871308
1624156283.3224058, -0.6866345263895641, 0.23662012263165352, 0.5240229611277648
1624156283.3323607, -0.6870304610433206, 0.23511177635338984, 0.5223886493571255
1624156283.3422356, -0.6874251252830391, 0.2335794701343754, 0.5214182550728255
1624156283.3525178, -0.6878589445557217, 0.23203091191102987, 0.5209846700427241
1624156283.3627481, -0.688267421714047, 0.23049499107777316, 0.5198459700189133
1624156283.3736403, -0.6887377772450295, 0.2290645587982312, 0.5190846438465433
1624156283.3824592, -0.6892772184172341, 0.227596928905217, 0.5168025016349825
1624156283.3936045, -0.6896896950428367, 0.22615433895845702, 0.5145989324775032
1624156283.4027202, -0.6900995705260319, 0.2247066437889602, 0.5140014708303368
1624156283.4135735, -0.6904832252953356, 0.22325195973951523, 0.5125821402873862
1624156283.4229836, -0.6908642278058512, 0.22177856632422557, 0.5105329327579279
1624156283.4325778, -0.6911963334020553, 0.22022231720168858, 0.5092244861562203
1624156283.443867, -0.6915668960925938, 0.21880240418250005, 0.5079162318317436
1624156283.4524677, -0.6919784666928761, 0.21737456265134722, 0.5062311869085887
1624156283.4641197, -0.6923800452304164, 0.21596400107384076, 0.5036469907708604
1624156283.4728048, -0.6929145233768029, 0.21453683838146087, 0.5021199036085935
1624156283.483365, -0.6933060699776619, 0.2131047324763391, 0.500068725422738
1624156283.4922006, -0.6936673989440169, 0.21170500128247377, 0.4988749877779215
1624156283.5038412, -0.6940155448618106, 0.2103018864210027, 0.4969107888284172
1624156283.511808, -0.6943209827289308, 0.20891119930311014, 0.4954070950035045
1624156283.523616, -0.6947170357949577, 0.20753043225481535, 0.495226180734149
1624156283.5330837, -0.6951817404913482, 0.20615443047367119, 0.4918342673525201
1624156283.543354, -0.6957085836409594, 0.20473765274493488, 0.4891204825805993
1624156283.5524573, -0.6962258049878646, 0.20331982768873166, 0.48747105230245874
1624156283.5628498, -0.6967781167219992, 0.20181956605195203, 0.4853685024493784
1624156283.5722396, -0.6972513848258799, 0.20041531593752943, 0.4838433427656895
1624156283.587636, -0.6976923945040805, 0.19893071619642796, 0.48325806370627705
1624156283.5918539, -0.698094904581977, 0.19750718928658487, 0.48163551083945083
1624156283.6060386, -0.6985151623644964, 0.19614489871114293, 0.47991146990076644
1624156283.6118004, -0.6989426270420165, 0.19472328314019333, 0.4782173030429074
1624156283.6224341, -0.6994726367577413, 0.19325203029589202, 0.4764172492032568
1624156283.6319885, -0.6999432340237252, 0.19180930461416287, 0.4755271082126231
1624156283.642235, -0.7004662546668802, 0.1903472785761103, 0.4727067172089688
1624156283.652008, -0.7009886151599907, 0.18887147524891376, 0.47034849250549243
1624156283.6624355, -0.7013339453661447, 0.1873431044429955, 0.4702780584954439
1624156283.6731246, -0.7016878462994061, 0.18593382614213017, 0.46797201542145456
1624156283.6836448, -0.7020788568586109, 0.18454716454587317, 0.46656282340638805
1624156283.6925704, -0.7024916552828536, 0.18320118366124657, 0.46388311818070754
1624156283.702605, -0.7029651263330579, 0.1818234469249412, 0.4613809707356492
1624156283.7140858, -0.703439474601799, 0.1805003724368303, 0.45952613336121423
1624156283.725676, -0.7038925459517441, 0.1791476053307946, 0.4585253394676684
1624156283.7324302, -0.7043937259357996, 0.17778456066926526, 0.4575908492054757
1624156283.742903, -0.7049696781887411, 0.17646524666917, 0.45668605885208546
1624156283.7527578, -0.7047262954637555, 0.17548975598062905, 0.4427720525795563
1624156283.7631793, -0.7052515522560525, 0.17413091314351115, 0.44162005117444186
1624156283.7725165, -0.7058028703635401, 0.17272876733657241, 0.44060457420474375
1624156283.7822871, -0.7063536301561018, 0.17126900935442876, 0.4387567076721611
1624156283.7928813, -0.7068375645470505, 0.16980990798286322, 0.4381017611731498
1624156283.8025453, -0.7073065143823892, 0.16835515755128272, 0.43690782569700193
1624156283.8127246, -0.7078507768060411, 0.16693742293337638, 0.4353474595434538
1624156283.8220367, -0.708376397056107, 0.1655739224649697, 0.4330660587662229
1624156283.8322458, -0.7089276298620257, 0.1641740506536133, 0.43209965771060715
1624156283.8422384, -0.7094227616742338, 0.16286310042956464, 0.42938762133213526
1624156283.8524094, -0.7099146838597723, 0.16142843597800777, 0.42969896288376314
1624156283.862146, -0.7104703095684647, 0.16005396253189108, 0.4278964482554399
1624156283.8721113, -0.7109750734253116, 0.15869807142605824, 0.42681948228762345
1624156283.882166, -0.7114782021242654, 0.15727338940538527, 0.42549290316487476
1624156283.892274, -0.7120386895418176, 0.15582124535462896, 0.42495000724083465
1624156283.903211, -0.7125348430548504, 0.15441078538371658, 0.4230327158060971
1624156283.9127219, -0.7130870864598466, 0.15303139636166402, 0.41868799040322746
1624156283.9227235, -0.7136880372308574, 0.15167373751811122, 0.41914062876108754
1624156283.9320312, -0.7142029694369725, 0.15031163909553855, 0.4170350357495493
1624156283.942896, -0.714793764173769, 0.14887241628718295, 0.41602210164064074
1624156283.952286, -0.7153974219678609, 0.1475126095662641, 0.41478748495159373
1624156283.962595, -0.7159296596165468, 0.1461719689732543, 0.41135414566315065
1624156283.9719903, -0.7164320503565853, 0.14482954855676144, 0.40970928321595596
1624156283.9822464, -0.6914720073554593, 0.15929128750647237, 2.722128853632615
1624156283.991553, -0.6919900910453028, 0.15794462812745502, 2.7199784303485397
1624156284.0021806, -0.6925582397916987, 0.15661244058419296, 2.7179370059529666
1624156284.0143754, -0.6931602401937972, 0.15515897616648863, 2.7169716892242506
1624156284.0217464, -0.6938014072064767, 0.15372448253545076, 2.714030850398871
1624156284.033446, -0.694472802825873, 0.15227052155319618, 2.7121327721079798
1624156284.042137, -0.6951456595506811, 0.15086549207934138, 2.7089561031887737
1624156284.0530016, -0.6957299246908869, 0.14950566708323307, 2.7056203663730733
1624156284.0626607, -0.6979014772720966, 0.1340793692124825, 3.2239020944569425
1624156284.0721135, -0.6984526670338633, 0.13288329633970597, 3.2216488854426406
1624156284.0824342, -0.6990618217274286, 0.13172675610241005, 3.218871933764921
1624156284.0937297, -0.6996249017877687, 0.13052918476811304, 3.2163251252146807
1624156284.1023474, -0.7002214138110531, 0.12936631783725822, 3.213921747744233
1624156284.1124787, -0.7009130086586335, 0.12815946426921446, 3.2105046998581117
1624156284.1219666, -0.7015832838522383, 0.12690625324823937, 3.21168729603965
1624156284.134966, -0.701309838821331, 0.126537002735218, 3.3370010750130765
1624156284.1421773, -0.7019853298320154, 0.12511498067164353, 3.3340609487053894
1624156284.152432, -0.7027365230704226, 0.12372712961116294, 3.334303969131287
1624156284.1623623, -0.7034155362526225, 0.12220320975883957, 3.332747345998926
1624156284.1727846, -0.7041306248411334, 0.12060696969994497, 3.33045153390441
1624156284.183095, -0.7048258415445012, 0.119075484766622, 3.3273558757386565
1624156284.1923661, -0.7054869095652114, 0.11750984630305855, 3.325547698203944
1624156284.2023294, -0.7060862753749594, 0.1159974742836241, 3.323063156333937
1624156284.2123654, -0.7066694862296198, 0.1145882241489386, 3.3233289440447833
1624156284.2236953, -0.7073692556161758, 0.11320663848020937, 3.3193587346537305
1624156284.2324612, -0.7081307792290085, 0.11207381619981509, 3.3179857860776467
1624156284.2426276, -0.7089439534443114, 0.11089103699811508, 3.3143929532428635
1624156284.2519715, -0.7097207429506307, 0.10974726019624892, 3.3143142799449663
1624156284.2625306, -0.7104149626497313, 0.10849895225713953, 3.3118353530390765
1624156284.272816, -0.7111590898110596, 0.10726346568528283, 3.3096360195077024
1624156284.2835183, -0.7118908116050222, 0.10591567140182044, 3.305010611282645
1624156284.292238, -0.7126366633206748, 0.10452364644640436, 3.303192435862318
1624156284.302875, -0.7132360991268326, 0.10315626010393604, 3.302232923938466
1624156284.3121707, -0.713753067010619, 0.10178265344579683, 3.297906429890383
1624156284.3232353, -0.7143257710489895, 0.10049694679544448, 3.296534521078286
1624156284.332308, -0.7149763544050819, 0.09915265452126801, 3.2923554858416706
1624156284.3423498, -0.7155987128763951, 0.09796979589032818, 3.2882607988209362
1624156284.3537846, -0.7162938389077118, 0.09677062876123185, 3.2844978320206493
1624156284.3623204, -0.7169624702177789, 0.09551508943431439, 3.282473198064695
1624156284.37282, -0.7176466397112085, 0.09418636689472448, 3.2799634980502317
1624156284.381871, -0.7183566064086351, 0.09277980054171704, 3.275079931182865
1624156284.39353, -0.7190711993036363, 0.09145401153147269, 3.272684149265186
1624156284.4023702, -0.7197446892836115, 0.09015190403861706, 3.2709671854982756
1624156284.4136448, -0.7203998363533252, 0.08877203420564742, 3.268027908043778
1624156284.4246771, -0.7211122963581226, 0.08746423657394552, 3.2658985399890015
1624156284.4340615, -0.7365038090738311, 0.06438017772585845, 0.9331740161365023
1624156284.4423254, -0.7372266676077974, 0.0631276277752429, 0.9323152827468064
1624156284.4543893, -0.737915278123953, 0.061823056965864404, 0.9295041235345051
1624156284.4623513, -0.7387249050579177, 0.06047507781816623, 0.9263193791038816
1624156284.4730904, -0.7394896017301166, 0.05911457330855106, 0.9246602693016767
1624156284.4822655, -0.7402028033797071, 0.057752048250233196, 0.9231668934610155
1624156284.4928837, -0.7409921820355896, 0.056381535335880126, 0.9219874216771874
1624156284.5024378, -0.7417951971790258, 0.05505528110984584, 0.9194576627977972
1624156284.5127509, -0.742563575561547, 0.053731494669148915, 0.9158404353445779
1624156284.5225184, -0.7432752654440637, 0.052441779655123276, 0.9148543247918944
1624156284.5327811, -0.7439714890826055, 0.05107774254700931, 0.9132031669292424
1624156284.542655, -0.7447309003916296, 0.04978351812199982, 0.9112969234877295
1624156284.5529242, -0.7454807122421472, 0.048417215099714174, 0.9081853751243408
1624156284.5624826, -0.7462239527638107, 0.04711347384231019, 0.9065461038770407
1624156284.5730107, -0.7469224104083881, 0.045783794402965865, 0.9060845883110208
1624156284.582307, -0.7476253511017251, 0.044495920395019185, 0.9026254748006884
1624156284.5930333, -0.7485088527613737, 0.04314518934101339, 0.9007924894487391
1624156284.6023605, -0.7493021822982665, 0.041807959802405356, 0.8985086291207564
1624156284.6134198, -0.7501025250300578, 0.04037175738295477, 0.8968814989999516
1624156284.6222425, -0.7508757730333959, 0.03901282233941035, 0.8958221215352962
1624156284.6319025, -0.7517181867284042, 0.037657754796079274, 0.8930900228379225
1624156284.6421392, -0.7597269168595283, 0.04788513944208523, 1.5697920253380935
1624156284.651488, -0.7605790608686918, 0.046583081461595156, 1.5695715250437532
1624156284.6627188, -0.7613144468927514, 0.04536371379678833, 1.5710024840088543
1624156284.6727405, -0.7620613357982513, 0.044131574671398194, 1.5696431313228485
1624156284.6827922, -0.7628563049004462, 0.04288391199562601, 1.566151356940334
1624156284.692551, -0.7636220724399991, 0.041733238492759124, 1.565378369869182
1624156284.7027674, -0.7643740582972144, 0.04054521787472827, 1.5604080264669766
1624156284.712245, -0.7650627602346786, 0.03933097000758924, 1.5630624869674146
1624156284.7223709, -0.7658570989351527, 0.0381321077310611, 1.5640783083196237
1624156284.732734, -0.7666866692439176, 0.036938922469273446, 1.5626225717134494
1624156284.7428849, -0.7675261263999636, 0.0357702198661974, 1.5597404065329563
1624156284.7522695, -0.768348554478414, 0.03449493851448416, 1.558450492076002
1624156284.7626107, -0.7691750094956958, 0.03324102344017827, 1.5579466079830395
1624156284.772259, -0.7700056473269977, 0.03191561989124105, 1.5513770990243974
1624156284.7827332, -0.7708582786471497, 0.03062448086109006, 1.5489023488171652
1624156284.792454, -0.7715154734555719, 0.029386292483421343, 1.5485231741575107
1624156284.802408, -0.7721335840374741, 0.028151993368602534, 1.548931271033032
1624156284.8131459, -0.7726940748558293, 0.02698781418607536, 1.5502086211210397
1624156284.8222299, -0.7733274971973304, 0.025893299873861773, 1.5486676175654597
1624156284.8354874, -0.7739937517402069, 0.024789668572452555, 1.545310920488224
1624156284.8427634, -0.7745652008929778, 0.02354991291123711, 1.5458151177270667
1624156284.8546486, -0.7677817564315408, 0.010121771486211198, 0.8439972438029222
1624156284.8626964, -0.7685105865766766, 0.008886764420584723, 0.8415910009235984
1624156284.8753347, -0.769383270738123, 0.0076010718171666, 0.84165696632652
1624156284.8823094, -0.7702839508965116, 0.006311781622397735, 0.8402717559085406
1624156284.893546, -0.7712013247473052, 0.004991597832760779, 0.8391587107464966
1624156284.902797, -0.7721643262630683, 0.003746916267527077, 0.8374557891998505
1624156284.913828, -0.7730593831934163, 0.0025459942379279965, 0.8353806793216744
1624156284.9231284, -0.7739115281310396, 0.001326460767767621, 0.8357764797909173
1624156284.9325566, -0.7747075625924008, 9.580679417976734e-05, 0.8333196768101064
1624156284.942257, -0.7755355877342518, -0.0010577007512262604, 0.8309566161731751
1624156284.9538436, -0.776382821250195, -0.0022452831993815215, 0.8284729557155038
1624156284.9625394, -0.8095017172967703, -0.0024335085778923174, 2.5810321712848454
1624156284.97154, -0.8103437342566531, -0.003661326183292271, 2.5798776071506673
1624156284.9824336, -0.8113508589740241, -0.004907223367621923, 2.5801957354236813
1624156284.9924533, -0.8123561375726306, -0.006019134544376754, 2.5779061461124613
1624156285.0024388, -0.8132831935750154, -0.007254355314484456, 2.5786779407396043
1624156285.0130177, -0.8142436059367826, -0.008485475205456394, 2.577081505194633
1624156285.022826, -0.8151297970881348, -0.009616508341275181, 2.576288468356422
1624156285.0328274, -0.8160888230717074, -0.010753672731402687, 2.5754666446674412
1624156285.0430286, -0.8169034779401134, -0.011879137791372419, 2.5745813855586586
1624156285.05326, -0.8176943467174799, -0.013081194400616034, 2.5757152369218828
1624156285.0630608, -0.8186142440595947, -0.014173520317262052, 2.5726699775035122
1624156285.073122, -0.819609811501063, -0.015368717669073, 2.5733836968353896
1624156285.08295, -0.82054912744796, -0.016580560978500043, 2.5715196511619185
1624156285.0928714, -0.8213659699807775, -0.017757261849143714, 2.569760463831625
1624156285.103138, -0.8221848220972312, -0.018925829492940225, 2.5692210781249893
1624156285.1128032, -0.8230208419378731, -0.020040808798243152, 2.5692512247509867
1624156285.123591, -0.8239414345620211, -0.02111613186701259, 2.566460719907358
1624156285.132759, -0.8248871335789836, -0.022285659314797823, 2.567660872077204
1624156285.143892, -0.8259151252663912, -0.02339639865254923, 2.5670758713617463
1624156285.1529808, -0.8270227402094994, -0.024594688943466912, 2.56562032283911
1624156285.1630683, -0.8280213405665264, -0.025825647948651824, 2.566455372583722
1624156285.1728184, -0.8289464890256977, -0.027015795538554106, 2.5645310546589104
1624156285.1927857, -0.8298124053778915, -0.02825570750968442, 2.5641499591816657
1624156285.1941943, -0.830577525836864, -0.029452648584822938, 2.5631954022586165
1624156285.2031908, -0.831367931492862, -0.030668923278627972, 2.5627748382362614
1624156285.2129102, -0.8322591736498537, -0.031893472658707275, 2.561051489780573
1624156285.2230208, -0.8332807857203218, -0.03301752067881223, 2.559983612113844
1624156285.2330005, -0.834299324542392, -0.03417026354646881, 2.559296357658183
1624156285.244309, -0.8352405670550989, -0.035331330607916635, 2.5583029239411457
1624156285.252937, -0.8362716289585809, -0.036480528453126965, 2.557744781065051
1624156285.2625833, -0.8372313848462776, -0.03758976873666077, 2.5567245165604615
1624156285.272691, -0.838223188695838, -0.038757010448834034, 2.556922897592954
1624156285.2833111, -0.8391724915125277, -0.03992162014836447, 2.5569218146960817
1624156285.2927098, -0.8401977882040248, -0.04108716356233072, 2.55616489323051
1624156285.3044379, -0.8413375381191568, -0.042223140637539236, 2.5532909956553453
1624156285.3132164, -0.8424778122522517, -0.04347423814659987, 2.5531291150159254
1624156285.3229108, -0.8435704270734697, -0.04478709368600005, 2.5527086244993478
1624156285.3342414, -0.8446092869677775, -0.04599677283154524, 2.5507400572668195
1624156285.3462372, -0.8457314341703752, -0.047186529261634524, 2.550755303919708
1624156285.353457, -0.8467259751395985, -0.04830130374393263, 2.549842276559698
1624156285.3632638, -0.8476956078083081, -0.04947183390190888, 2.549416208674703
1624156285.3739758, -0.8486283674963044, -0.05049953801838295, 2.5481604741454538
1624156285.3831005, -0.8494967401059288, -0.051545399335286936, 2.5487782772050647
1624156285.3942666, -0.85039471197946, -0.05257105955027369, 2.547496364497398
1624156285.402804, -0.8513852252171614, -0.05367515290954156, 2.5477969372560927
1624156285.412812, -0.8524298806012821, -0.05477261604048923, 2.5472508559799767
1624156285.4226542, -0.8534716497364692, -0.05591463753573922, 2.5456492970221056
1624156285.4329712, -0.8088624284834526, -0.04097795850237952, 2.983447326741388
1624156285.4419386, -0.8099530284061889, -0.04223809055934622, 2.9807476256290153
1624156285.4526873, -0.8115168595792382, -0.047294571220846, 2.8666408026346244
1624156285.4627166, -0.8125285240124939, -0.04854985638770765, 2.8652427677343053
1624156285.473171, -0.8134965065407437, -0.049668734424483864, 2.8633856673427736
1624156285.482586, -0.8144466783165119, -0.05082924976215587, 2.86271906749672
1624156285.4928708, -0.815388355339868, -0.0519887103276201, 2.860454902643454
1624156285.502415, -0.816248614731994, -0.05306260189689948, 2.8588665312931747
1624156285.512618, -0.8172661956817797, -0.05417061289260376, 2.8570599975674313
1624156285.5225787, -0.8182110603575943, -0.055299137646315874, 2.856257600381516
1624156285.5327623, -0.8191297775066237, -0.056415241987792186, 2.855241256410407
1624156285.5424786, -0.820128217469306, -0.05763675204373526, 2.8529227656160354
1624156285.552828, -0.8212057309349557, -0.058808256860876824, 2.850144072191505
1624156285.5626533, -0.8222336678632508, -0.060053123911479815, 2.8485278980938182
1624156285.5734003, -0.8231985285282941, -0.061193992622875025, 2.8456056790409088
1624156285.5829914, -0.824102156214953, -0.062303309191483094, 2.843937553297084
1624156285.5929601, -0.8250066313301182, -0.06336249332601375, 2.84363264752929
1624156285.6041932, -0.825900310951865, -0.06447334945366202, 2.8423993884837526
1624156285.6126785, -0.8268458881822681, -0.0655554845438988, 2.8405023235261626
1624156285.6239035, -0.827881921177251, -0.06660945711379297, 2.838505933012213
1624156285.6327543, -0.8289780292444373, -0.06770710322082284, 2.835003451567878
1624156285.643073, -0.8300150436350688, -0.06886027147511972, 2.8334499741743095
1624156285.6534882, -0.8310390363816242, -0.06993685879227521, 2.83243741977281
1624156285.663956, -0.8320133426490945, -0.07106603608804406, 2.829295887628921
1624156285.6750553, -0.8329563143728943, -0.07214894841943345, 2.827631687983755
1624156285.683361, -0.8338692102773126, -0.0732013680098462, 2.8266788322661927
1624156285.692791, -0.8348819427798709, -0.07430705511797918, 2.8250709475971467
1624156285.7030919, -0.8359457239687375, -0.07536568868297727, 2.822609720708682
1624156285.712779, -0.8370355377037189, -0.07638443392499983, 2.82131407303997
1624156285.7227685, -0.838143082373685, -0.07748802029707982, 2.818444835774563
1624156285.73346, -0.8391804391228146, -0.07858888568960955, 2.8166937379340435
1624156285.7427764, -0.8401793864883302, -0.0797047914172743, 2.814566222442515
1624156285.7558079, -0.8411202217706754, -0.08085927647332855, 2.8137610809391376
1624156285.7629051, -0.8535532605027347, -0.09515707100520741, 4.602746042791056
1624156285.7739697, -0.8545269565281295, -0.09617901715656725, 4.600499643916091
1624156285.7825544, -0.8555510034485764, -0.09721728609821821, 4.598216506268235
1624156285.7919, -0.8565807555739399, -0.09826667613968268, 4.595683455311115
1624156285.8024828, -0.8576314703932129, -0.09937281253190529, 4.593633282837655
1624156285.8120778, -0.8587849526503326, -0.1004545906147883, 4.592491082401319
1624156285.8223548, -0.8598585187554575, -0.1014413412402804, 4.58908075336068
1624156285.8319104, -0.8609373106495738, -0.10252087726421374, 4.587795916367522
1624156285.8419836, -0.861984829661795, -0.10358979937222025, 4.585561313178733
1624156285.8517945, -0.863107987522962, -0.10466947251615998, 4.5836430076112125
1624156285.8620522, -0.8642293671398242, -0.10574007993673516, 4.5813443771669515
1624156285.8747845, -0.8653570550760444, -0.1067268479749093, 4.579601370745434
1624156285.8820746, -0.8665034600863019, -0.10776906548922903, 4.579236276029858
1624156285.8919206, -0.8659866456700275, -0.09095575040604757, 4.28524108226785
1624156285.9019926, -0.8669825778785641, -0.09188810829651979, 4.284232351607518
1624156285.911745, -0.8680575760539735, -0.09282008390306525, 4.284045490539242
1624156285.9219089, -0.8691422404967462, -0.0938482580048959, 4.283983945943943
1624156285.9314299, -0.870280448551632, -0.09480356341577294, 4.282993392871558
1624156285.9417725, -0.871436571879653, -0.09577056902449699, 4.282504555291226
1624156285.9517171, -0.8726705026803427, -0.09676697132015986, 4.282361495265881
1624156285.961653, -0.8739376494900415, -0.09786062318487967, 4.282398391588519
1624156285.9714296, -0.8752279798511498, -0.0989177379269653, 4.282686652571421
1624156285.9816477, -0.8764604370797059, -0.09997500944821858, 4.280113166828089
1624156285.9912815, -0.8776694226522552, -0.10105058498372838, 4.280165496483109
1624156286.0014455, -0.8787748637559468, -0.10210926613641587, 4.27956305761859
1624156286.0120535, -0.8798765376414377, -0.10312544524756019, 4.279583283417097
1624156286.0210056, -0.8810244534733841, -0.10409135270105711, 4.277610650939676
1624156286.0318346, -0.8821409704208494, -0.10509358533102064, 4.2767881999221995
1624156286.0419166, -0.8832843442919143, -0.10615462698973267, 4.276249953640011
1624156286.051879, -0.8844284337177237, -0.10717467798301027, 4.273827565363568
1624156286.0627675, -0.8856024796706122, -0.10820549734855224, 4.27267224234471
1624156286.0729268, -0.8867616774402606, -0.10924651730820743, 4.272368270755121
1624156286.0814202, -0.88788813302963, -0.11033605931576254, 4.272333633710373
1624156286.0934904, -0.888953196765265, -0.11135259746127807, 4.2695793466345
1624156286.1012287, -0.8900224416260794, -0.1123594174247432, 4.267974299579494
1624156286.1121106, -0.8911338014090293, -0.11336470418927222, 4.266675038825487
1624156286.1218028, -0.8922224538184559, -0.11433469507372904, 4.26578580742108
1624156286.1325943, -0.8933307347098053, -0.11538712395347712, 4.266457372916453
1624156286.1414983, -0.894385923665654, -0.116393489170613, 4.262184446328783
1624156286.151644, -0.8955070165510534, -0.117440088279479, 4.261038667560845
1624156286.1610887, -0.8966329903110822, -0.11851078241190048, 4.25990861242855
1624156286.17117, -0.8977357701172264, -0.11954780109177698, 4.258046774823141
1624156286.1818593, -0.8988400362739332, -0.12059571536351092, 4.256309025146952
1624156286.1917698, -0.8999676248281483, -0.12161327193105333, 4.255885986077084
1624156286.201587, -0.9011134370744835, -0.12263828224019956, 4.25477316621478
1624156286.2116053, -0.9022343418844654, -0.12359211535193823, 4.252716187721976
1624156286.2215335, -0.9033947876163295, -0.12458884667555302, 4.249492153883134
1624156286.2316194, -0.9045569652152674, -0.1255978839316238, 4.248668658283351
1624156286.2416308, -0.9040974320115152, -0.1299908040592575, 3.7136386571694366
1624156286.2519398, -0.9051845559584434, -0.1309768291806241, 3.712488091236698
1624156286.2612195, -0.9063873503829424, -0.13194063080310048, 3.7099949208241116
1624156286.2715816, -0.9075722339973533, -0.13296140369092532, 3.707334476132111
1624156286.2808156, -0.908712023251714, -0.13395935356551478, 3.708033530217721
1624156286.2915683, -0.9098359009982349, -0.13496943361953487, 3.705565525076712
1624156286.3012872, -0.9105731428911197, -0.13643138540195007, 3.6826593914558554
1624156286.3113806, -0.9117538495827838, -0.1374737042578275, 3.6818782027633397
1624156286.3209975, -0.91284017732154, -0.13841565716667623, 3.680743600664218
1624156286.330613, -0.9138943777938862, -0.13939548941033475, 3.680435587565878
1624156286.3411531, -0.9149526105675642, -0.14037542849450518, 3.6782018644167658
1624156286.3511262, -0.9160331804313663, -0.14134162328119265, 3.6763807006185956
1624156286.360875, -0.917112735936747, -0.14231462823085275, 3.674640310571138
1624156286.370733, -0.9181402906717203, -0.14327951455617452, 3.67310692301562
1624156286.380995, -0.9191657400663911, -0.14421165408853742, 3.6712459446636196
1624156286.3911252, -0.9202171974262315, -0.14512637728872205, 3.6708299078085314
1624156286.401376, -0.921303819911694, -0.1460864065630896, 3.6702687666082174
1624156286.411127, -0.9224260531056215, -0.14702161954808524, 3.669587298707187
1624156286.4207482, -0.9236421927007525, -0.14791709437349324, 3.6680333556818625
1624156286.4314377, -0.9248925731379416, -0.14883092520373847, 3.6666652102335187
1624156286.4413595, -0.926132812554561, -0.14974386115790697, 3.6658321600091335
1624156286.451461, -0.927362482594964, -0.15066094406669978, 3.6644221490086424
1624156286.4616442, -0.928640512492753, -0.15158217859459217, 3.663336420551312
1624156286.4728608, -0.9299418760214271, -0.1525178168738102, 3.662763602015577
1624156286.4829924, -0.9311400864266272, -0.15341645498017664, 3.660969888911534
1624156286.4916098, -0.9323788884671113, -0.15428110478947824, 3.6601021732050434
1624156286.5020165, -0.9336666405567694, -0.15516256578700652, 3.6585818171760076
1624156286.5116508, -0.9349708120536572, -0.15604613135752146, 3.6565204141723453
1624156286.5219798, -0.9362842983089498, -0.1569316743867295, 3.6553591157258465
1624156286.5319512, -0.9374980737802903, -0.15776795059126625, 3.653976981952033
1624156286.5426002, -0.9386338077142324, -0.1585524834201151, 3.652369511444289
1624156286.5515304, -0.9396864353793272, -0.159447410907311, 3.6512907712170475
1624156286.5621574, -0.9407122099602085, -0.16034000216128697, 3.6513470286604064
1624156286.5744228, -0.9417705432187696, -0.16116202001574423, 3.6489519970169733
1624156286.5818045, -0.9428696988394967, -0.16194198472918295, 3.6472156546458856
1624156286.5916913, -0.9439755647249982, -0.16282567383641586, 3.646910781716881
1624156286.6020632, -0.9451498013670411, -0.1636902703772601, 3.6454119066403345
1624156286.611629, -0.9463579074292463, -0.164572287261971, 3.645261448235888
1624156286.621917, -0.9476725769016153, -0.16548130795835544, 3.6453051632204985
1624156286.6320543, -0.9490060090261472, -0.16638389758622663, 3.6432873996872046
1624156286.6421359, -0.9502969297597198, -0.16722978447477826, 3.642453168827216
1624156286.6507843, -0.9515747590727692, -0.1681484088756888, 3.6415015384266423
1624156286.662235, -0.9527431351436985, -0.16898741532256153, 3.639521776363066
1624156286.67293, -0.9538371497303924, -0.1698456903939749, 3.638774970237705
1624156286.6835887, -0.9548783320716318, -0.17063253496451763, 3.6373379692536347
1624156286.6950085, -0.9559101762147357, -0.17142594386621363, 3.6367692156598945
1624156286.7023344, -0.9570205083565296, -0.17222312106384113, 3.6350319069897905
1624156286.713473, -0.9582799788177141, -0.17305322638797324, 3.6351240201178885
1624156286.7228463, -0.9595446086955587, -0.17390493582518995, 3.6325631099326534
1624156286.732869, -0.9608772777476069, -0.17478938934952212, 3.63211413476652
1624156286.742242, -0.9622796655993023, -0.17570405242505313, 3.630093901924163
1624156286.7529283, -0.9635594927978631, -0.17662814410660574, 3.6283843993876133
1624156286.7621453, -0.9647729166410023, -0.17749383132418234, 3.6282137578902036
1624156286.7721498, -0.9658895866763461, -0.1782712191729025, 3.62607573418075
1624156286.7812622, -0.9669940260342873, -0.1790151441224716, 3.6245827454063986
1624156286.79174, -0.9681021128016299, -0.17975165442446842, 3.6233754057008665
1624156286.8015902, -0.9692037761689513, -0.18048892025101934, 3.622796997979779
1624156286.8120425, -0.9703462334530449, -0.18123085315666992, 3.6216931912550017
1624156286.8214474, -0.9715847601887793, -0.1820133183083602, 3.619822667571241
1624156286.8332896, -0.972848522890686, -0.18288762549130738, 3.6186333496997873
1624156286.841169, -0.974164922141161, -0.1837914430115804, 3.618953544060993
1624156286.8523247, -0.9754372154651338, -0.18460342814265865, 3.617205699744389
1624156286.8617902, -0.9767390117089073, -0.18543096705081266, 3.6160233478605575
1624156286.8721592, -0.9780335983780474, -0.18624287590809904, 3.614817053607134
1624156286.8816202, -0.9792346052707495, -0.18696298180821125, 3.613584362974147
1624156286.891095, -0.9803900669461804, -0.18770376084766857, 3.6117783818333495
1624156286.9017205, -0.981674406639517, -0.18850365287331708, 3.612157388907307
1624156286.9120197, -0.9828637161811646, -0.1892720912808497, 3.610144301457408
1624156286.921885, -0.9840709643395787, -0.19001932286511988, 3.608947563736806
1624156286.9312453, -0.9853088641574003, -0.1908498378519241, 3.6084438545681463
1624156286.941462, -0.9866204150770527, -0.19172049693679608, 3.608169432213173
1624156286.9516308, -0.9878830074910789, -0.19254679356259188, 3.606675692113786
1624156286.9618278, -0.9891560297179374, -0.19338190664806543, 3.604986676081825
1624156286.9711177, -0.9905010487670318, -0.1943305664547692, 3.6044544869672626
1624156286.983616, -0.991887352620982, -0.19524053302240688, 3.6035082099713382
1624156286.9912465, -0.9932524999187389, -0.19611752384115055, 3.602268734615661
1624156287.001569, -0.994558577421235, -0.19696823876424188, 3.6016869539572185
1624156287.0110037, -0.9957950930231346, -0.19787932971514255, 3.6004560981364633
1624156287.0212402, -0.9970847090005149, -0.19876413516443675, 3.599210380391504
1624156287.0311131, -0.9984343119242346, -0.19960915680960742, 3.5983534592927557
1624156287.0409338, -0.9996766593523919, -0.2004376292724013, 3.596548249928706
1624156287.0503461, -1.0009742154548098, -0.20125289795389228, 3.5968034513965255
1624156287.061468, -1.0022516396313552, -0.20198417277262812, 3.5944852764809543
1624156287.071088, -1.003578061385523, -0.2026286376095278, 3.5922694309445573
1624156287.0806956, -1.0048374039183563, -0.20324765229739547, 3.5918718417795534
1624156287.0913084, -1.0060923543565967, -0.20386688275540663, 3.5914598154902087
1624156287.1034715, -1.007362526254514, -0.20450081762206818, 3.590556665000756
1624156287.111538, -1.008619459254856, -0.20512646215849234, 3.588357929626683
1624156287.1213458, -1.0099427858560777, -0.20584766259368684, 3.5871816533084346
1624156287.1313481, -1.0112919391809998, -0.20667049536456933, 3.5862223740378742
1624156287.141452, -1.0126919424494325, -0.20751736614804756, 3.5856995898542277
1624156287.1514852, -1.0140665272572553, -0.2083262239767117, 3.583880334178763
1624156287.1616075, -1.0154428559554192, -0.20914484068342426, 3.582813701187539
1624156287.1710644, -1.0168606941485019, -0.2099537344029593, 3.5827208104645374
1624156287.1810837, -1.0182549755449997, -0.21065934955277021, 3.581454311164477
1624156287.1918318, -1.0195633068810699, -0.2113517689932777, 3.5790264917741412
1624156287.2020564, -1.020897653321422, -0.21209474294271807, 3.5785975282778
1624156287.2116585, -1.0222114096696326, -0.2128253042356514, 3.5778849810845075
1624156287.2217386, -1.0235867706335084, -0.213517692455857, 3.5767409357969058
1624156287.2318509, -1.024931266002773, -0.2141680657851813, 3.575506220918763
1624156287.2415595, -1.0262710030242208, -0.21484307740867828, 3.5750070807570014
1624156287.251798, -1.0276076576308135, -0.21553719836801175, 3.5746961233438754
1624156287.2619116, -1.0154778951000785, -0.22583011916577045, 2.8537947730351454
1624156287.2716691, -1.0167993995899236, -0.22650483254517426, 2.8516116712201094
1624156287.2819555, -1.0181198953549877, -0.2272241693101999, 2.848177748381884
1624156287.291525, -1.0194233786709126, -0.22803640986576337, 2.846633373597721
1624156287.3021986, -1.020675399393957, -0.2287954389017613, 2.844716974211153
1624156287.311874, -1.0218937775057717, -0.22950441736011062, 2.8428761883097096
1624156287.3221633, -1.023209082478643, -0.23023105917813144, 2.841450190090803
1624156287.3314013, -1.0245244819586747, -0.2309346249932622, 2.8393971588829685
1624156287.3426907, -1.0259031636639162, -0.2316422784710693, 2.838580458804227
1624156287.3516572, -1.0273020549119225, -0.23233745633616484, 2.8369771922388836
1624156287.3623908, -1.0286875996798173, -0.23303507503504786, 2.8334638148487943
1624156287.3714752, -1.0300821994493787, -0.23383392966060076, 2.831456105674067
1624156287.3820612, -1.031353262523473, -0.23460656527760942, 2.8288067753961315
1624156287.3939724, -1.0325782616889831, -0.2353181577450988, 2.8263814741042563
1624156287.4020152, -1.0338016443765965, -0.23605229750330023, 2.825867988791148
1624156287.413067, -1.035025353407943, -0.23679516981681012, 2.8242113263046686
1624156287.422736, -1.0363132975762692, -0.23744246536019983, 2.821726786552285
1624156287.4318664, -1.0375734273602637, -0.23804740636909047, 2.8195394280204935
1624156287.4419339, -1.0797611812794232, -0.23204887887691394, 1.1328828957011512
1624156287.4515471, -1.081268711128481, -0.23266999528672122, 1.1303201695887044
1624156287.4621239, -1.0826600648363396, -0.2333602686868496, 1.1308498516517647
1624156287.4717505, -1.0839772951940556, -0.23401463093890779, 1.1290672143075882
1624156287.4817426, -1.0852423093635832, -0.23468511893458782, 1.1299539554178697
1624156287.492736, -1.08639369454791, -0.2352087215440298, 1.1293973594045885
1624156287.5020351, -1.0877177837616967, -0.23576495497512123, 1.12811964065913
1624156287.514534, -1.0890337984130927, -0.23626287718835004, 1.127613029456039
1624156287.5221446, -1.0904993066885544, -0.23678407621798217, 1.1253507261834843
1624156287.5326178, -1.0919462801868556, -0.23732632392126793, 1.1258476103884498
1624156287.5421922, -1.0935712097918477, -0.23798375529058882, 1.1227650658564183
1624156287.5532143, -1.0950436262948997, -0.23860354149498694, 1.1218601949097025
1624156287.5623443, -1.096523692409943, -0.23930994347867757, 1.1214152218806595
1624156287.5725646, -1.0979736307967658, -0.23999629635358424, 1.1211208107080441
1624156287.5821507, -1.0995103852339452, -0.24076760334603658, 1.118684442759763
1624156287.5930233, -1.1008026522352896, -0.24129492699302507, 1.118532326239098
1624156287.60192, -1.1022085425296082, -0.24182998630874664, 1.1167534141067277
1624156287.6123276, -1.103560611468321, -0.24239282505701523, 1.1164908878751012
1624156287.6220157, -1.1050153165476284, -0.2431231980762566, 1.1156041634256748
1624156287.632601, -1.1063829262130327, -0.24365566017445295, 1.1148857303646564
1624156287.6420045, -1.1078580469166688, -0.24425933657985296, 1.1128553713982265
1624156287.652228, -1.109306770821054, -0.24490279701836595, 1.111662525449261
1624156287.6621678, -1.110791195237477, -0.2456348807258439, 1.1106054099443516
1624156287.6728818, -1.1116803205245092, -0.24589325223031314, 1.1331227718403862
1624156287.685807, -1.1132228982695975, -0.2465183191038956, 1.1316702000064436
1624156287.6926956, -1.1146746265395395, -0.2472044010532055, 1.1298954922773639
1624156287.7035673, -1.1162228447569904, -0.24792123706162192, 1.1291414166234193
1624156287.7130568, -1.117608013891941, -0.2484680352033608, 1.1283004484899068
1624156287.7230506, -1.119096848808213, -0.24900592636536514, 1.12590556858093
1624156287.7328603, -1.1204755878515664, -0.24957237929351095, 1.1242828078237417
1624156287.7427306, -1.1219482593571242, -0.2502568919786764, 1.1229645679613125
1624156287.7524524, -1.1234048857593597, -0.25085264804513063, 1.120427976449983
1624156287.763099, -1.124861089896241, -0.2514560168195193, 1.119072332296892
1624156287.7724786, -1.1262592721116276, -0.25203619380035736, 1.1166789347809059
1624156287.7831328, -1.1276982252272312, -0.25276119608262987, 1.1157366133563729
1624156287.792047, -1.1290179376761178, -0.2534309683600552, 1.1148151177037475
1624156287.803672, -1.071365210407097, -0.23499221218200098, 2.7829569928874607
1624156287.8117752, -1.0727777550806301, -0.23564549864421672, 2.7820399237346076
1624156287.8219047, -1.0743443998698408, -0.23634940108020885, 2.7824689948816257
1624156287.8319547, -1.0759148576387512, -0.23695360295102008, 2.78179215014142
1624156287.8419495, -1.0775506170323872, -0.2375771187620631, 2.781536064056348
1624156287.85224, -1.1402367690132524, -0.25909992604273435, 1.5842226043444438
1624156287.8622553, -1.127517451936199, -0.27271208568851624, 2.80596007115283
1624156287.8721402, -1.1289198880630058, -0.2733347824755474, 2.805437938488402
1624156287.882162, -1.1302706485188254, -0.27393827170865825, 2.8048947651856646
1624156287.8919833, -1.1314786996710486, -0.2745262865930449, 2.8038420848980663
1624156287.9018872, -1.132777567228103, -0.27505184357065365, 2.803333450182474
1624156287.911698, -1.134090021557246, -0.2755639320656126, 2.8033463185418097
1624156287.9221709, -1.1354841682255554, -0.27604591746185747, 2.8027482257527834
1624156287.931595, -1.1370173900837446, -0.27653056273415494, 2.8032329806609093
1624156287.941919, -1.13855621355929, -0.27707307958701355, 2.8024066924989084
1624156287.951562, -1.1400666724529014, -0.2777241389730845, 2.8023940682067026
1624156287.9618669, -1.1415950217517605, -0.27838102719555496, 2.8018634132973745
1624156287.9721208, -1.1431488753354675, -0.27894236709127973, 2.8011755009698507
1624156287.9817953, -1.1446478834708198, -0.2794007853172627, 2.8005984521858136
1624156287.9917505, -1.1460102893569997, -0.27988159964092957, 2.799974205515808
1624156288.0021002, -1.1473280600531033, -0.28038632846497885, 2.799954668600738
1624156288.0120287, -1.148711649011034, -0.2808332108268432, 2.7986979945589483
1624156288.0214455, -1.15012458721551, -0.2813068375892243, 2.798911357823825
1624156288.0324905, -1.1515889926847374, -0.2817435119971974, 2.797165318364392
1624156288.0417655, -1.1530046950126485, -0.28230743170537054, 2.7980325327364453
1624156288.0524793, -1.154512483908261, -0.28286355982079137, 2.797182001578701
1624156288.0614345, -1.156079226576463, -0.28336182911432206, 2.7966649006177327
1624156288.071433, -1.1575668458368569, -0.28382643169559524, 2.797438338086028
1624156288.0808055, -1.1590154676228004, -0.2842773801857287, 2.7963193851062043
1624156288.0912027, -1.1605223214257743, -0.2847882978917917, 2.7971303790160227
1624156288.1009266, -1.1613112073890772, -0.2846130560955552, 2.7792729779728345
1624156288.1108398, -1.1628323771582134, -0.28506556265359945, 2.77928304315012
1624156288.1209037, -1.1642607929096085, -0.2854942551233648, 2.7782397993137953
1624156288.130998, -1.165695580467317, -0.28592979458772755, 2.778277035098067
1624156288.1408365, -1.1671837279106074, -0.2862956503203292, 2.777509193461641
1624156288.1508849, -1.1546932252762294, -0.28759069439186663, 5.931582059069397
1624156288.1606145, -1.1561231183844745, -0.2881185279739321, 5.930890216456859
1624156288.1716099, -1.1576251541231954, -0.28861884430539814, 5.929897723676805
1624156288.1811566, -1.1591318186746573, -0.289126539540035, 5.928037331351688
1624156288.1914084, -1.1606188907641843, -0.2895555266917424, 5.926795424672616
1624156288.2014332, -1.1620981058495061, -0.2900085167790644, 5.926335833434472
1624156288.2132418, -1.163524106723346, -0.29036703992290175, 5.92448604898012
1624156288.2213244, -1.1649924163496626, -0.2907061727270161, 5.923270410294416
1624156288.2315376, -1.1663603231574873, -0.29103373913512715, 5.92063826257069
1624156288.2413764, -1.1677372179827104, -0.2914853081764515, 5.919562869065259
1624156288.251677, -1.1691201316656639, -0.29197521876739463, 5.918068634255512
1624156288.261666, -1.1705259316247798, -0.29242816628524826, 5.916492974259157
1624156288.2715547, -1.171994419392423, -0.29285598314295247, 5.915543187232427
1624156288.2814813, -1.1734567787272208, -0.2932606513146091, 5.913924370185624
1624156288.2915964, -1.1749740643487918, -0.29368399566023057, 5.912517634181764
1624156288.3014202, -1.1764066298390727, -0.29403103533649355, 5.909483151628459
1624156288.3113744, -1.1779062418063773, -0.2944351646648693, 5.908281724858295
1624156288.3212605, -1.1793605304552912, -0.2947966903904017, 5.907576778001847
1624156288.332347, -1.1808820682595522, -0.2952035128687092, 5.906148248620822
1624156288.3420312, -1.1823938959010794, -0.29560690679370155, 5.9047971193835345
1624156288.3515296, -1.1839364527648493, -0.2960888386723336, 5.903762567225535
1624156288.3622425, -1.185412701541187, -0.2965058738913858, 5.902594355739507
1624156288.3713317, -1.1867817188507994, -0.29691664555773845, 5.900417726650508
1624156288.38196, -1.1882433016845972, -0.29725966571922413, 5.89885078273287
1624156288.3918302, -1.1896664674048074, -0.2976442900063747, 5.898191645421008
1624156288.4031916, -1.1911130822827039, -0.2980574438759866, 5.896408863741107
1624156288.4110284, -1.19252534388158, -0.2984667846960633, 5.894203091476816
1624156288.422034, -1.1938366310242845, -0.29888898192983304, 5.891656212658452
1624156288.431429, -1.195172837062173, -0.29935515915662847, 5.8901240878666705
1624156288.441014, -1.1964970134086188, -0.2996587238928141, 5.888993170729362
1624156288.4514904, -1.1979327325107179, -0.2999513308275596, 5.888141632837518
1624156288.4625454, -1.1993757571440324, -0.3001684645361779, 5.886979416327276
1624156288.4715283, -1.2009562669639293, -0.30043256312672023, 5.886596035919032
1624156288.482185, -1.2025526484536462, -0.30073599736157325, 5.88480853088312
1624156288.4916482, -1.2040833145229537, -0.30117828328695634, 5.883964997177467
1624156288.502412, -1.2055452915361407, -0.30157743622791544, 5.881647549078671
1624156288.5122485, -1.2069228099864637, -0.3019573112172806, 5.879882230914251
1624156288.522033, -1.2082712369836845, -0.30232831133595445, 5.879167943754298
1624156288.5321357, -1.2095867092177015, -0.30263364151934036, 5.87678934860652
1624156288.5427222, -1.211618999676718, -0.3036611904163345, 0.07391029217069037
1624156288.552674, -1.213031744007699, -0.303865839128432, 0.07225399729716579
1624156288.5626316, -1.2144980068118223, -0.3041070508392267, 0.07009060112815646
1624156288.5735364, -1.2159530260104339, -0.30437966730934213, 0.0683089038844878
1624156288.5821257, -1.2174147565669606, -0.30465478277693825, 0.06571951496980019
1624156288.592647, -1.2188346913049095, -0.30504254198945463, 0.06411524918462604
1624156288.602346, -1.2201089769526594, -0.305400657357397, 0.06193322220606483
1624156288.612782, -1.2213676024755835, -0.3057746007840806, 0.059485237471849604
1624156288.6231833, -1.2226381575640435, -0.3061021344536408, 0.05755606368793527
1624156288.6327205, -1.224044165389183, -0.3063599867115633, 0.056843801052985296
1624156288.6419628, -1.2255064644783078, -0.30660059545263735, 0.05607658721387288
1624156288.6524997, -1.227083044926822, -0.30680270292303297, 0.05499102391412905
1624156288.6622462, -1.2286244028497562, -0.30704203957458603, 0.05296567969004381
1624156288.673135, -1.2302192577326976, -0.3073568734601561, 0.05136227833305248
1624156288.6829317, -1.2317317837398962, -0.3076971955863902, 0.05062721256549867
1624156288.6926053, -1.2331892010403631, -0.3080090813278299, 0.048973407679456245
1624156288.7022882, -1.2347135047143378, -0.3082580485032112, 0.04706493538142262
1624156288.7126691, -1.2360997074496696, -0.3084734104291343, 0.044809052258128645
1624156288.7260027, -1.2375289595978471, -0.3086924866547352, 0.0443141835057113
1624156288.7337606, -1.2389315243283099, -0.30891710886212165, 0.04247948106936155
1624156288.7437997, -1.2404083345464523, -0.30913306600960944, 0.0408276824627244
1624156288.7527766, -1.2418692649228649, -0.30935941894576036, 0.03957013821641709
1624156288.7630901, -1.2433369967928154, -0.3097195818821421, 0.03924334736016068
1624156288.7727668, -1.2448461742844479, -0.31005730995023506, 0.03799798829376545
1624156288.7832937, -1.2463803203938137, -0.31035402202575413, 0.03551529423891478
1624156288.7925205, -1.2479508210473864, -0.3106046682236801, 0.03439581606616878
1624156288.8019545, -1.249201193604968, -0.3112801860417087, 0.02588839968498804
1624156288.8118422, -1.2506001688967963, -0.311544149623667, 0.02314633948338115
1624156288.8218243, -1.2519625740745959, -0.31179634110081983, 0.020940741042878342
1624156288.8314414, -1.2532896605330675, -0.31213615657125965, 0.01996999367685867
1624156288.8443859, -1.2545656173139543, -0.3124443072445237, 0.01863991963973295
1624156288.8517163, -1.256019422868016, -0.3126416071111031, 0.01648689682249648
1624156288.8626373, -1.2575403265350045, -0.31281093273908017, 0.015059375498266003
1624156288.8719013, -1.2592271285775576, -0.31299595083636655, 0.013568510635948123
1624156288.8824847, -1.2608724599563943, -0.31317612054498817, 0.012360905497412537
1624156288.89163, -1.2624170557833054, -0.31337361332504804, 0.00920453039535369
1624156288.902664, -1.26388357061586, -0.31365474412946975, 0.007302563214380998
1624156288.9119232, -1.2652569405199916, -0.3139627995053044, 0.00661668852585134
1624156288.9219143, -1.2665723531123452, -0.3141996508583825, 0.005285170695764318
1624156288.931856, -1.2679121943431004, -0.3143527635144888, 0.003340378786083087
1624156288.9420333, -1.2693130492297233, -0.3144552500472531, 0.002179783864908741
1624156288.9517426, -1.2708031515699538, -0.31447967316283243, 0.0004294321145421441
1624156288.9618251, -1.2723881025810082, -0.31455810104331994, 6.282476303351442
1624156288.9715223, -1.273970052045216, -0.314757883674932, 6.280317191877057
1624156288.981832, -1.2755043001106352, -0.3150390459094576, 6.27861252078144
1624156288.9917545, -1.2769603825986624, -0.31531675485042476, 6.277309033364055
1624156289.0020726, -1.2784303335485083, -0.3156063123899331, 6.275430863480106
1624156289.012194, -1.2798260738618945, -0.31585931377134635, 6.2735768873500914
1624156289.021986, -1.281284022274258, -0.31605331362160655, 6.272576787992785
1624156289.0324376, -1.282772153523386, -0.3162012625495784, 6.271499189937895
1624156289.0423596, -1.2843524124833208, -0.31630258290548935, 6.2694184169801375
1624156289.0523267, -1.2858923095884953, -0.31640845722981914, 6.267298754697021
1624156289.061963, -1.2874473972530995, -0.3165195896594253, 6.265749707309915
1624156289.0717063, -1.2888834364020354, -0.3167120736552911, 6.2628509311701634
1624156289.0819883, -1.2901946958926833, -0.31686335999604737, 6.2607361079010975
1624156289.0918248, -1.291487994802249, -0.3170259831063149, 6.258911005994639
1624156289.1019583, -1.2927521784546603, -0.3172391526632423, 6.2571966323023185
1624156289.1117585, -1.294127626679337, -0.3174101438739372, 6.256100552129789
1624156289.1214502, -1.2955605040690117, -0.3175110516599995, 6.255937238007231
1624156289.1343, -1.297027410740504, -0.31755529742476646, 6.255213837370878
1624156289.1414387, -1.2985661718664856, -0.3176296451119625, 6.25471415376745
1624156289.1519473, -1.3002040637013685, -0.31766834407450084, 6.254510085444278
1624156289.1606917, -1.301852421523679, -0.3177252838749392, 6.253407900895468
1624156289.171623, -1.3035167016558384, -0.3178078237507787, 6.25262085519474
1624156289.1820695, -1.3051183415117256, -0.31791392952469777, 6.251402020852364
1624156289.192163, -1.3066273017311398, -0.3180533091127802, 6.250856539132296
1624156289.2023282, -1.3081151933755206, -0.3181848264124267, 6.25001652500172
1624156289.2120516, -1.3095361898713125, -0.31831318134102665, 6.248272376144257
1624156289.2217896, -1.3110129538668394, -0.31837788054542226, 6.247527702760503
1624156289.2319524, -1.3124821403254845, -0.31845052616753927, 6.246109027063202
1624156289.241512, -1.3139400074292795, -0.31858889344939745, 6.244877481820699
1624156289.2530444, -1.3155311932068214, -0.31870605269019847, 6.244066076155629
1624156289.2620225, -1.3171292673007087, -0.31884531398574434, 6.24201687171465
1624156289.272405, -1.3187472032615055, -0.31899095915452896, 6.241416136320606
1624156289.2820382, -1.3202851075056203, -0.31921085899549206, 6.240666973387647
1624156289.2929804, -1.321856167087635, -0.3193468343709319, 6.238869850740326
1624156289.3022907, -1.3233977198318934, -0.31943018904683806, 6.237145576769733
1624156289.3135579, -1.3249023410714167, -0.31954227596168366, 6.2361456178965975
1624156289.3221424, -1.3263161596511144, -0.31964900563417464, 6.235066192569447
1624156289.3323054, -1.3277947891318465, -0.3197525554266683, 6.233632599801855
1624156289.3417208, -1.3293932151260217, -0.319853462741222, 6.2321597338766255
1624156289.3521388, -1.3309747796537614, -0.3200115607765429, 6.230847808348328
1624156289.362061, -1.3325737680984904, -0.3201400246996008, 6.229812893033153
1624156289.3724766, -1.334142954994949, -0.32026914781056254, 6.228009718115567
1624156289.3826592, -1.3357779775985112, -0.3204131342832069, 6.226667597106169
1624156289.3924909, -1.3373375222944373, -0.32048479088102977, 6.225975648725547
1624156289.4019496, -1.3388280297815356, -0.3205492168729153, 6.2248755292196964
1624156289.412104, -1.3403180225501132, -0.3205790372520459, 6.223550390337772
1624156289.4216137, -1.3406425213394768, -0.32109410249993114, 6.18742155856333
1624156289.4318538, -1.3420779115308923, -0.32111708653268106, 6.1843724077231474
1624156289.442005, -1.3435264621718537, -0.3211699136464716, 6.1834139308767915
1624156289.4519837, -1.3449585225718583, -0.32125183598920976, 6.18127921074605
1624156289.4622037, -1.3465463373806053, -0.32132400675377726, 6.178931186666459
1624156289.4721851, -1.348090917227641, -0.3213707586914523, 6.176939416036226
1624156289.4820752, -1.3496850060102157, -0.3214430366743788, 6.175645840849713
1624156289.4918804, -1.351223087703753, -0.3215094091572343, 6.173068837893128
1624156289.5021634, -1.3527665054517253, -0.3215302548681413, 6.17018373566936
1624156289.5123053, -1.3542819074200667, -0.3214943198893128, 6.1679707628827085
1624156289.522682, -1.35574547302463, -0.3215771568044777, 6.164895784533918
1624156289.532299, -1.3571456854151676, -0.3216281096859242, 6.16196454244473
1624156289.545354, -1.358546163749583, -0.3217124943580361, 6.16063202999363
1624156289.5521698, -1.3599104411843534, -0.3218185443669666, 6.158474795448423
1624156289.5637207, -1.3613056188885364, -0.32189962114150983, 6.156061801809521
1624156289.5723977, -1.3627736213052148, -0.3219186614856669, 6.154141317174667
1624156289.5827196, -1.364393918431806, -0.3219214641988849, 6.153144456293686
1624156289.5925834, -1.3660566577553888, -0.3219416644123143, 6.150712338207525
1624156289.6029413, -1.3676606554687967, -0.32192137428907547, 6.147860372488457
1624156289.612181, -1.369210222890406, -0.32198276458517877, 6.145009157219389
1624156289.62259, -1.370717855595529, -0.3221064154022368, 6.143186785962979
1624156289.632465, -1.3721847690086426, -0.32228236959635875, 6.1412426010798145
1624156289.6427956, -1.3736433742955494, -0.3223923067846059, 6.139536316073447
1624156289.652365, -1.3751013818368092, -0.32240012770336884, 6.1380244162064
1624156289.6640327, -1.3765617351407273, -0.32241022404999453, 6.136316217339597
1624156289.6727934, -1.3781345275949728, -0.32232153925753365, 6.133758533190833
1624156289.6840913, -1.3797484832143114, -0.3222414546887002, 6.132302344402226
1624156289.6930587, -1.3813386655789492, -0.32223455444488747, 6.129434760864844
1624156289.702967, -1.3829043652978308, -0.3222672411024722, 6.126354828736009
1624156289.713358, -1.384500617654864, -0.3223964519172093, 6.123734978534738
1624156289.7226214, -1.3859101751579919, -0.3225056744954036, 6.120627688473629
1624156289.7334564, -1.3872466013689728, -0.32256595022264994, 6.117027716257659
1624156289.7426984, -1.3885544868051012, -0.32260567943908747, 6.114859084297653
1624156289.7521532, -1.3898740063614363, -0.3226042207237793, 6.113349696449358
1624156289.7623522, -1.391286813282051, -0.3225408668948465, 6.111106790479141
1624156289.7718246, -1.3928584114112925, -0.32242591958978295, 6.109912428194557
1624156289.7822132, -1.3945186659971733, -0.3223530784540581, 6.108377184890899
1624156289.7924128, -1.3960985614584087, -0.3223189825534582, 6.106182927852614
1624156289.8024633, -1.3976867768407257, -0.3223304496176159, 6.104385931930064
1624156289.8134544, -1.3992466021406742, -0.3223439045691441, 6.103128444005169
1624156289.8218925, -1.4007821758377563, -0.32234584889233336, 6.1002028729526625
1624156289.8321586, -1.4022968188847005, -0.32230131185845623, 6.098271315482828
1624156289.842124, -1.4037394658514095, -0.3222308744300309, 6.096942553803014
1624156289.852095, -1.4052173103019727, -0.32219592548153725, 6.095527204783585
1624156289.8620698, -1.4067365603256443, -0.3221600270696343, 6.093131276794638
1624156289.8720899, -1.4082862290243656, -0.3220567460607487, 6.090899136317807
1624156289.8821714, -1.4098102596384876, -0.3219555971100454, 6.089434267903009
1624156289.8920991, -1.4113806079646842, -0.32187893851994065, 6.087953743724457
1624156289.9020162, -1.4129760744232063, -0.3217537461087933, 6.084993067826462
1624156289.912081, -1.4144945170695564, -0.3215886170043141, 6.082869569895755
1624156289.922105, -1.4159916876186018, -0.32148025228937305, 6.080502288945495
1624156289.932226, -1.4175181155835128, -0.32143282295251896, 6.077489758291872
1624156289.94201, -1.4189866802976694, -0.32142324997037797, 6.076019833230791
1624156289.9539385, -1.4204386637590563, -0.32144587319886625, 6.074285722566098
1624156289.9623425, -1.421927237710433, -0.3213837441692517, 6.072843060994013
1624156289.971997, -1.4234066898856854, -0.3212884665864499, 6.070701997559402
