1624160135.2790082, -1.0768367865555175, 1.4533925615598005, 6.27669600785032
1624160135.2869685, -1.076844082126397, 1.453451929536573, 6.277398031529596
1624160135.297972, -1.0768220995449118, 1.4533925875906966, 6.27792096371976
1624160135.3085206, -1.0768019107389635, 1.453387780962918, 6.277852854072323
1624160135.3180857, -1.076801874707053, 1.4533872428827952, 6.277702143776635
1624160135.3274503, -1.076776259973556, 1.4534664810164264, 6.277952281582408
1624160135.3384805, -1.0766683789329998, 1.453366547335967, 6.278291710785592
1624160135.3470843, -1.0765297082150058, 1.4533819871302103, 6.278615906983291
1624160135.3577008, -1.0763902171315414, 1.4533594920100854, 6.277862141273562
1624160135.3666086, -1.076210636152756, 1.4533692576744017, 6.278534080864247
1624160135.3802364, -1.0760295872941112, 1.453455803426106, 6.278627959321124
1624160135.3867488, -1.0758789432310096, 1.4534716444573927, 6.279860132489517
1624160135.3972526, -1.0757258889678099, 1.4534267537049437, 6.2810034688685885
1624160135.407187, -1.0755859993534782, 1.453385369565158, 6.282626159482015
1624160135.4470518, -1.075349845901942, 1.4534120319686727, 7.113382442786697e-05
1624160135.4506643, -1.0744475995158191, 1.453587463698442, 0.0020026793008914943
1624160135.4570556, -1.0742105839166411, 1.453538923393719, 0.003393735558073744
1624160135.4675846, -1.0740206166633728, 1.4535743621129382, 0.0035091063557560285
1624160135.477517, -1.0738567010668563, 1.4535711600811931, 0.0036495447299407136
1624160135.4871128, -1.0736846474930506, 1.4535623744283297, 0.00404042947505701
1624160135.4969513, -1.0735213369344196, 1.4534963276082642, 0.004221482346739697
1624160135.5072622, -1.0734240500714447, 1.4535381143006518, 0.00453213561770068
1624160135.516841, -1.0732746065960366, 1.4535391183323871, 0.004520884086022076
1624160135.5270298, -1.0731178496191698, 1.4535801888550517, 0.005350867767091708
1624160135.5367281, -1.072965708872713, 1.4535987560317718, 0.005519046574042296
1624160135.5468626, -1.0729101941267973, 1.453663591130137, 0.0065410459904211805
1624160135.5577807, -1.0728812395584708, 1.453629942431705, 0.005987910084708594
1624160135.5672119, -1.0729706180655347, 1.4535924954055777, 0.005749985406801036
1624160135.578638, -1.0730445130883748, 1.4535511541496398, 0.006125215500194307
1624160135.58667, -1.0730480792931247, 1.4535356987843795, 0.005566967364013242
1624160135.5980742, -1.0730027921316136, 1.4535735819365314, 0.006363040873039466
1624160135.6075406, -1.0729483628045724, 1.4536015708430772, 0.0058778893179754375
1624160135.6500466, -1.0729073094846981, 1.453610947097716, 0.00521658511765851
1624160135.6517308, -1.0729482716736338, 1.4535504520385423, 0.0058745739239017
1624160135.6573973, -1.0729294827894698, 1.453564849663799, 0.005909188606138204
1624160135.6671977, -1.0729328258882562, 1.453546392117751, 0.005939139152003044
1624160135.6778252, -1.0729018430690678, 1.4534895496038591, 0.0055459564647163985
1624160135.688133, -1.0729395426579527, 1.453549638040227, 0.005548846251723893
1624160135.697705, -1.072933187925455, 1.4535530756835906, 0.005715616436392179
1624160135.706987, -1.0729100327977985, 1.4535745730098264, 0.006135139527405957
1624160135.7507668, -1.072897247613254, 1.4535613776790401, 0.005706865454259464
1624160135.754568, -1.0729494351453708, 1.4535899376115626, 0.005337847597858511
1624160135.756444, -1.0729547212400425, 1.4535644151346072, 0.005630003684433923
1624160135.7582343, -1.0729348296783936, 1.4535902053034557, 0.005587691322101905
1624160135.7667282, -1.0729092759564407, 1.4536212409278575, 0.005400644496989815
1624160135.7771266, -1.072918312921968, 1.453598559374061, 0.005429590645886079
1624160135.7906427, -1.0729316974756546, 1.453637790942106, 0.0053798281616702845
1624160135.797017, -1.0729413934480923, 1.4535512553853518, 0.0050375849568381195
1624160135.8073847, -1.0729195569732852, 1.4535697208825402, 0.005118451572003383
1624160135.8190114, -1.0728976648113047, 1.4535267751513512, 0.005847954810861303
1624160135.8553724, -1.0728805834019675, 1.4535887529999094, 0.005508660922335627
1624160135.857163, -1.0729224896785428, 1.4535585531249318, 0.00532842925198284
1624160135.858703, -1.0729501849579168, 1.4535442742593419, 0.005110808151749147
1624160135.867003, -1.0729511015476159, 1.4535648220537767, 0.0055567006011510035
1624160135.8771253, -1.0729155675511926, 1.4535830306179465, 0.0059907990380597105
1624160135.8878758, -1.072873671382521, 1.4536007507431004, 0.006098433713081948
1624160135.8973567, -1.0728954632730536, 1.4535641027728854, 0.005161182598469917
1624160135.9071498, -1.072933169320769, 1.4535854482728052, 0.005081624345367603
1624160135.9170916, -1.072954541494391, 1.4536241294695709, 0.005529875962533925
1624160135.9570959, -1.0729119129007494, 1.453573280225773, 0.005515958008708326
1624160135.9587264, -1.0728886946488392, 1.4535739575359645, 0.005078566492094823
1624160135.9671116, -1.0728912515519808, 1.4535065162614897, 0.006102761699405505
1624160135.9767363, -1.072945436026525, 1.453573223866995, 0.005963067957523295
1624160135.9869826, -1.0728740090889062, 1.453544212044205, 0.005274367520477485
1624160135.9980087, -1.072886643804738, 1.453545178488507, 0.005082610121057193
1624160136.0078065, -1.0729141953028414, 1.4535469151435487, 0.0054194760719978325
1624160136.0180001, -1.0729241309842141, 1.4535135848968506, 0.005493110688248079
1624160136.0598478, -1.0729135246011894, 1.453571372783189, 0.006371059510620326
1624160136.061368, -1.0728997901418973, 1.4535596603420766, 0.006029086096074691
1624160136.0668378, -1.0729328119176733, 1.4535322781420255, 0.005749295399867948
1624160136.0776732, -1.0729566235308332, 1.4535289838045358, 0.006003392539782393
1624160136.0873473, -1.0729251410306433, 1.453554771326647, 0.00552585022810698
1624160136.0968916, -1.0728967550082715, 1.4535637341741339, 0.006020607142823174
1624160136.1072717, -1.0728765131792306, 1.453551335543061, 0.006002195321638715
1624160136.1172512, -1.0728961946744386, 1.4535281950090095, 0.005165380408209235
1624160136.1624944, -1.0729113774351566, 1.453512343261016, 0.005730813443716123
1624160136.1656425, -1.072930957663422, 1.4535490174858765, 0.005482319122668221
1624160136.1687973, -1.0728775926767462, 1.4535503445557412, 0.006122155508545523
1624160136.169145, -1.072884479078996, 1.4535436019467307, 0.005454287446737123
1624160136.1773403, -1.0728826437134322, 1.4535342465960959, 0.005880418635882005
1624160136.1870463, -1.0728921862284286, 1.453547388979454, 0.006528499954262356
1624160136.1990306, -1.07291160447471, 1.4535433209610853, 0.0053863760409968
1624160136.2069, -1.0728946110041426, 1.4535551768523762, 0.005700183076317854
1624160136.2169044, -1.072894673752761, 1.4535446779769328, 0.006133767780961835
1624160136.2316477, -1.0728964945037835, 1.4535678879025096, 0.005437939951277745
1624160136.2369714, -1.072914145049821, 1.453555562148482, 0.006165898681344238
1624160136.2480326, -1.0729037075858285, 1.4535696412128989, 0.005961600505163319
1624160136.2570033, -1.0728956239771508, 1.4535661248131062, 0.005384428439396296
1624160136.2672575, -1.0728822736432122, 1.453616935121367, 0.00591151599594057
1624160136.2770896, -1.0728625395503264, 1.4535404879118052, 0.00633712262436451
1624160136.2870712, -1.0728865411775879, 1.4535436962948705, 0.005719160153605275
1624160136.2967875, -1.0728891160661327, 1.4535205409634782, 0.0058315740564344526
1624160136.3072145, -1.0729128566778925, 1.4535646220226792, 0.005845406972300837
1624160136.316922, -1.072855016386823, 1.4535462438788558, 0.005908396130955468
1624160136.3299665, -1.0728675402703356, 1.4535849639986211, 0.005838675626736921
1624160136.3680053, -1.0728832840550269, 1.4536039934169827, 0.006006301353513497
1624160136.3700824, -1.0729361039332068, 1.4535449457749028, 0.005861521417251933
1624160136.3774147, -1.0728854111095791, 1.4535436776271735, 0.005712963867813293
1624160136.386544, -1.0728719618305242, 1.4535697772060623, 0.005777714602563916
1624160136.3974748, -1.0728818737797798, 1.4535759877984005, 0.005641891366834532
1624160136.4073675, -1.0729019572563032, 1.4535399382796714, 0.005563395229136376
1624160136.4172595, -1.0729288926566398, 1.4535371462840727, 0.005370111975425345
1624160136.42789, -1.072924514591975, 1.4535921946352564, 0.0056637138515011065
1624160136.4691155, -1.072898090398653, 1.453613625442928, 0.00591516234778301
1624160136.4735615, -1.0729177151484246, 1.453552614465465, 0.006094251354880062
1624160136.4768846, -1.0729070114392039, 1.4535857784161015, 0.006180216974400479
1624160136.4869995, -1.0729142533429208, 1.4535812456107782, 0.0054133176969697085
1624160136.49823, -1.0729059562732268, 1.4535594910739522, 0.005320523298662013
1624160136.5069463, -1.0729022079586312, 1.4535256136784112, 0.005185404993168186
1624160136.5167527, -1.072921708535656, 1.4535482800840693, 0.005512577771255489
1624160136.5272431, -1.0729374992556104, 1.4535993806192131, 0.005640965640709399
1624160136.5369418, -1.0729153539811052, 1.4535900329161255, 0.005745246553073271
1624160136.5713646, -1.0728813857349053, 1.4535930490035052, 0.005813616764881414
1624160136.5732546, -1.0729324967128722, 1.4535186017734119, 0.005001687713254475
1624160136.5763907, -1.0729246744531864, 1.4534842560024017, 0.005347126737190523
1624160136.5868247, -1.0728954093850362, 1.4535066620456103, 0.005626255266257894
1624160136.596624, -1.0728891455467513, 1.4535555544829222, 0.005698330097144438
1624160136.6081576, -1.0728895415411785, 1.4535642368424373, 0.00625411718271005
1624160136.616921, -1.0728645229862876, 1.4535198870286252, 0.00481409130407985
1624160136.6272206, -1.072889064674187, 1.4535353266150224, 0.005958008961207738
1624160136.6392841, -1.072916044155339, 1.453564642278104, 0.005399742732645465
1624160136.6737034, -1.07291365393324, 1.4535567352453125, 0.0060448532957994355
1624160136.6754744, -1.0728955175719082, 1.4535452032822427, 0.006292407758958663
1624160136.6771204, -1.0728992868668021, 1.4535622761676636, 0.005620342262289559
1624160136.68659, -1.0729122727889244, 1.4535691353792999, 0.00567938221206015
1624160136.6968954, -1.0729143362870148, 1.453591122430732, 0.006006051164229867
1624160136.7064338, -1.072918386719582, 1.4535936890182641, 0.0057533894057327705
1624160136.7167335, -1.0728898895568606, 1.4535432534519896, 0.006140377398985803
1624160136.72718, -1.0729106192104272, 1.4535172764697375, 0.006851783142591614
1624160136.7362916, -1.0729114759138876, 1.4535404579098379, 0.006143684108639907
1624160136.775545, -1.0728983448876626, 1.453519672251687, 0.005806550780024422
1624160136.7772095, -1.0728753457621882, 1.4535331552432145, 0.005993955296286169
1624160136.7866635, -1.072931522978755, 1.4535249291925778, 0.005460108320657953
1624160136.7972205, -1.0729327918070737, 1.4535487936471303, 0.005793257558253103
1624160136.8069189, -1.0729090194580384, 1.4535648319943442, 0.005647062841417787
1624160136.816258, -1.0728829709332135, 1.453590060885103, 0.005730695790802736
1624160136.8271334, -1.0728404235951314, 1.4535559223097116, 0.006030018216725398
1624160136.836333, -1.0728488959401896, 1.4535766998609598, 0.005956057576460859
1624160136.8778393, -1.0728307987341907, 1.4535634720884092, 0.0055271996091218354
1624160136.8794544, -1.0728643003439888, 1.4535687748929849, 0.006728564385107339
1624160136.886522, -1.0728723681832513, 1.4535236599119297, 0.006075463131745046
1624160136.8964014, -1.0728726874459096, 1.4535185641465789, 0.0059408273816116105
1624160136.9067354, -1.0728408863927068, 1.4535261388524259, 0.005646196722911401
1624160136.9165182, -1.072825534142408, 1.4535283802916477, 0.005426489653255738
1624160136.9269276, -1.0728469665683553, 1.453556012073227, 0.006199733798861381
1624160136.9367547, -1.0728802080208504, 1.4535877475393257, 0.00593099706664122
1624160136.9470341, -1.072887711094416, 1.4535794140398248, 0.005905332883924712
1624160136.9567866, -1.0728917304892733, 1.4534949279433644, 0.006046977582866593
1624160136.9666038, -1.072860236451465, 1.4535458195921334, 0.006286840751642863
1624160136.9769092, -1.0728623099091577, 1.4536119791911193, 0.005823555777276988
1624160136.9866145, -1.0728336355834356, 1.45359218066591, 0.005753811282181263
1624160136.9964874, -1.0728391009547567, 1.4535579453090777, 0.005680346268700821
1624160137.0090644, -1.07288849063275, 1.4535158767571768, 0.005586109655558045
1624160137.017981, -1.072873506069685, 1.453539213073715, 0.005015443847998935
1624160137.0269828, -1.0728827129284777, 1.4535694776831953, 0.005716218381612889
1624160137.03644, -1.0728678328357428, 1.4536006972416948, 0.005832336073838488
1624160137.0814004, -1.0728610476757448, 1.4535822827252232, 0.005244253099552054
1624160137.0845385, -1.072858083594799, 1.4535702430831217, 0.005598153902353196
1624160137.0861528, -1.072876025880772, 1.4535401226495521, 0.005049262011873901
1624160137.08749, -1.0728809794719025, 1.4535448154888904, 0.0053972899467991395
1624160137.0970256, -1.0728493448789442, 1.4535303268611592, 0.0053693935171119705
1624160137.1066208, -1.0728719671583828, 1.4535505515001055, 0.005706068165183602
1624160137.1194463, -1.0728625482415224, 1.4535056977901657, 0.0054089778160730856
1624160137.1270711, -1.0728763901515457, 1.4535535850663406, 0.006021505222927105
1624160137.1369696, -1.0728507381625942, 1.4535220946152192, 0.006186655129375982
1624160137.146766, -1.0728556998889986, 1.453569347079482, 0.005801518256856815
1624160137.1855516, -1.0728342419401307, 1.4535936573651969, 0.005930683929629218
1624160137.1877503, -1.0728395972129592, 1.4536037156625814, 0.006300494891725885
1624160137.1980135, -1.0728393075003766, 1.4535980593984825, 0.006446526566917918
1624160137.206937, -1.0728679685450153, 1.4536016007072765, 0.005376612499065045
1624160137.217162, -1.0728861539186447, 1.4535538660755503, 0.00635825650168891
1624160137.2268038, -1.072895467658731, 1.45354172736208, 0.0056994113247171435
1624160137.2375205, -1.0728696002444202, 1.4535537835972296, 0.006425924034704906
1624160137.2470872, -1.0728282206498965, 1.4535636315560696, 0.006887809969442976
1624160137.287999, -1.0728337540677253, 1.453544940246527, 0.005687867685965487
1624160137.2902143, -1.0728503845790516, 1.4535139861443591, 0.005760940436280655
1624160137.2968798, -1.0728819057526282, 1.4535316292432967, 0.005384501905506364
1624160137.3070023, -1.07283746320168, 1.453543169167853, 0.0058628061888878254
1624160137.3168175, -1.0728570986762318, 1.453551299592377, 0.005679156052027458
1624160137.3274882, -1.072863628860557, 1.453539115103532, 0.005862007162938505
1624160137.338439, -1.072866192475735, 1.4535312823011106, 0.005518827812032167
1624160137.3478806, -1.0728615470339293, 1.4535348647869568, 0.006211157582872659
1624160137.390443, -1.072844752638181, 1.4535368238118291, 0.005564281800558194
1624160137.392938, -1.0728923403956652, 1.4535396773573241, 0.006216196038908908
1624160137.3969371, -1.0729010866509732, 1.4535005267384737, 0.006144608712558433
1624160137.4072547, -1.072878670382772, 1.453522783376568, 0.006330910338882865
1624160137.4169507, -1.0728702491528226, 1.4535359703004267, 0.005998018850169731
1624160137.4282365, -1.0728367192368826, 1.4535353679878393, 0.006042506353643365
1624160137.442299, -1.0728502050153157, 1.4535313637639506, 0.005582620491919271
1624160137.4481068, -1.0728633379104482, 1.453498122287226, 0.005818120029993297
1624160137.4587786, -1.0728538924728277, 1.4535147443342624, 0.0063167672941336125
1624160137.4944146, -1.072836464239658, 1.4535417841687426, 0.0054324660302251864
1624160137.496257, -1.0727803745638886, 1.453601434659064, 0.006698829051732912
1624160137.4975307, -1.0727804255946671, 1.4536466395503582, 0.0063944391277866094
1624160137.5066447, -1.0728478798928016, 1.4536050240602107, 0.0060543404390006475
1624160137.5164862, -1.0728403297598976, 1.45357806160491, 0.005540212464764123
1624160137.529124, -1.0728001113647287, 1.4535428091916724, 0.005318841881256913
1624160137.5365486, -1.072787591579614, 1.4535448090285175, 0.005966713888770519
1624160137.5467775, -1.072818841658455, 1.4535097616417056, 0.0059797160946249645
1624160137.556056, -1.0728375257133353, 1.4535421472452463, 0.005735404903890054
1624160137.5966778, -1.0728160555596178, 1.4535499870508548, 0.0055797631196431744
1624160137.5986028, -1.0728343783047134, 1.4535757719441922, 0.005790306136999642
1624160137.606698, -1.0728614280276783, 1.453574007654153, 0.006391336988188165
1624160137.6173148, -1.0728900906908188, 1.453551130377756, 0.006343029262524471
1624160137.6270585, -1.0728870496357366, 1.4535962388136001, 0.005668226539552919
1624160137.6379657, -1.0728291106955503, 1.453599564561474, 0.005701484547338008
1624160137.6464405, -1.0728355972727275, 1.4535689005929162, 0.0059220135054077715
1624160137.6571145, -1.0728629962824243, 1.4535809244978428, 0.006182436568729743
1624160137.698376, -1.0728427155780194, 1.4535244225300072, 0.0054432807256765605
1624160137.7006779, -1.0728048040090175, 1.4535608422670339, 0.005860078499412574
1624160137.7064598, -1.0727840492672864, 1.4535479178745079, 0.005804924922142144
1624160137.7174814, -1.0728079020362409, 1.4535290859592191, 0.006208035433100757
1624160137.726728, -1.0728639895361367, 1.4535141196003265, 0.005700130271342536
1624160137.736554, -1.0728381867831989, 1.4535352017289276, 0.0063987906374626076
1624160137.7468832, -1.0728017517904365, 1.4535443649130346, 0.0058356810819623845
1624160137.7567215, -1.072834657788382, 1.4535641789397795, 0.005973309496978406
1624160137.8010514, -1.0728428613894347, 1.4535609699131207, 0.00632280274905714
1624160137.8032038, -1.0728442108300829, 1.4535800502602503, 0.00643592356404719
1624160137.8063035, -1.0728329008162334, 1.4535568968866466, 0.0060089129304049076
1624160137.8163972, -1.0728065948697043, 1.4535250641342476, 0.0057951615058236625
1624160137.8261988, -1.0728335561390285, 1.4535167481472313, 0.005585575049342421
1624160137.8370602, -1.0728134325306897, 1.453526172060055, 0.006251627948361348
1624160137.846276, -1.0728255560271682, 1.4535731556322962, 0.006458593861038402
1624160137.8559277, -1.0728264963547836, 1.4536352935024546, 0.005936485544363331
1624160137.9021604, -1.0727706217020165, 1.453601704574314, 0.005676843851657022
1624160137.9060345, -1.07280213028718, 1.453585028667176, 0.005973463182592259
1624160137.9061956, -1.07282105692209, 1.4535176097297562, 0.005823632580029132
1624160137.9074934, -1.0728180707522643, 1.4535150920081295, 0.006236288102957643
1624160137.916365, -1.0727964155666383, 1.453562449101932, 0.005918797029376845
1624160137.9265025, -1.0727408290370555, 1.4535162771565568, 0.005492292119494265
1624160137.938747, -1.072776983881461, 1.4535948537853365, 0.006698931424271193
1624160137.9468696, -1.0728354165317617, 1.4535497505485422, 0.005963200828025284
1624160137.958149, -1.0728237708699244, 1.4535433216468623, 0.0055037627025814485
1624160137.9672146, -1.0728460451112978, 1.453554700396951, 0.005643532967601975
1624160138.008255, -1.0728134977083243, 1.4535863307345578, 0.005603777287995318
1624160138.0096035, -1.0728342796806003, 1.4535765475855527, 0.006269610156729341
1624160138.0162728, -1.0728584579415164, 1.4536108875270584, 0.006385558476830468
1624160138.0265543, -1.0727994376545946, 1.453610360981521, 0.006480652236752492
1624160138.0363584, -1.0728019587585742, 1.4535703748251378, 0.005667291438810718
1624160138.0463736, -1.0728028086646013, 1.4535609707019788, 0.005598554597314788
1624160138.056276, -1.07282029626458, 1.4535336764784168, 0.0058590621306998944
1624160138.065959, -1.0727974435636853, 1.4535754952424476, 0.006325274364829212
1624160138.1076674, -1.0727803930947515, 1.4536024737788487, 0.006126246684936884
1624160138.1109037, -1.0728011723177084, 1.4534736629668135, 0.005462393686520835
1624160138.1159086, -1.072820232663141, 1.4535267415379267, 0.0067330908685012516
1624160138.1267595, -1.0728141473034671, 1.4535878592101161, 0.006375560377974295
1624160138.1367214, -1.0727852387744714, 1.4536301990878853, 0.006247707111079065
1624160138.1466146, -1.0727813000213104, 1.4535643148765853, 0.006357263068282406
1624160138.1565619, -1.0727779817590062, 1.4535785077738643, 0.006263579127092026
1624160138.166908, -1.0728074038134765, 1.4535593702767848, 0.005598262560985606
1624160138.1773477, -1.0728107619102418, 1.4535352988642563, 0.00668439696815091
1624160138.1865892, -1.072797904843678, 1.4535866069578427, 0.006104607928683433
1624160138.1984894, -1.0727893460498525, 1.453586077905441, 0.006200771412877655
1624160138.2070684, -1.0727909192077234, 1.453587937617915, 0.00608018991106189
1624160138.2173126, -1.072768064337836, 1.4536023436269212, 0.005974230689766164
1624160138.2265167, -1.0727886613500357, 1.453538286068095, 0.006792900258010703
1624160138.237739, -1.0728148573593814, 1.4535860958067062, 0.005714889453442749
1624160138.247307, -1.0727784126482418, 1.4535523907797034, 0.005721383051891854
1624160138.2579396, -1.0727843918636355, 1.453538262484899, 0.006374565781156919
1624160138.2676644, -1.0728065353630576, 1.4535079800537765, 0.006040994424245149
1624160138.2792819, -1.0728293299539065, 1.453486845143557, 0.006124313085995815
1624160138.3157852, -1.07284310552301, 1.4535288400555728, 0.006095836676263329
1624160138.3186443, -1.0727708379637624, 1.4535728255498845, 0.006637014258287593
1624160138.319121, -1.0727880499134215, 1.4535244107012326, 0.00595997879338603
1624160138.326686, -1.0727880023953735, 1.4535109511450093, 0.005918146944528004
1624160138.337215, -1.0727816923176077, 1.453497162007775, 0.005735764312358914
1624160138.349479, -1.0727116567554145, 1.4534969105393478, 0.006836079349618629
1624160138.35739, -1.0726745470534436, 1.453589160950438, 0.006164517134838679
1624160138.3675382, -1.072681752961828, 1.4535957856698882, 0.005772511939571849
1624160138.379294, -1.0727354516212708, 1.453620607214859, 0.005984994805043243
1624160138.4150803, -1.0727764052474733, 1.45357767468999, 0.006029222475788662
1624160138.4168763, -1.0727984787542262, 1.453610754481511, 0.006198404948010701
1624160138.418509, -1.0727339155069253, 1.4535589800300979, 0.00662071223091678
1624160138.427015, -1.072741036300457, 1.4535747909570111, 0.006796115636367908
1624160138.4387884, -1.0727859223219294, 1.4535827126371743, 0.006139735434345285
1624160138.4477363, -1.0728007747059913, 1.4535815073106964, 0.0057043238847190895
1624160138.4571555, -1.0728301856405658, 1.453596052033137, 0.006459465383536233
1624160138.4685047, -1.0727807615053742, 1.4536053651701486, 0.00596984345234923
1624160138.4779353, -1.0727745143964416, 1.4535863246277423, 0.005999743305949303
1624160138.5163615, -1.0727634373453636, 1.4535780189932686, 0.006627216586581824
1624160138.5179162, -1.0727901765724888, 1.4535690712540068, 0.00605967101907062
1624160138.5269907, -1.0727751139055022, 1.4535557261326564, 0.006674877269847451
1624160138.5365543, -1.072775661989929, 1.4535758267287215, 0.006393753354036939
1624160138.5464036, -1.0728001637873101, 1.4535192292363541, 0.006520379457504068
1624160138.5563788, -1.0728221270390843, 1.4535128987126993, 0.0060633943671125345
1624160138.5669134, -1.072803784443385, 1.453531071535764, 0.0068751647155917296
1624160138.577425, -1.072782223977703, 1.4536176498917897, 0.005861038747189203
1624160138.629527, -1.0727718343964996, 1.4536108782236257, 0.006619508575090251
1624160138.6312716, -1.0727906613389133, 1.4535211115512232, 0.005792925240398093
1624160138.6366906, -1.0727971661336215, 1.4535350515151768, 0.006076973358761039
1624160138.6468446, -1.0727728239956933, 1.4535005653960693, 0.006398781324898964
1624160138.656903, -1.0727750831807563, 1.4534879410835895, 0.006063444819901926
1624160138.666757, -1.0728151234455345, 1.453536575674687, 0.006401555053673827
1624160138.6762784, -1.0727811952174802, 1.4535487263582727, 0.006204445924854365
1624160138.7200646, -1.072792442871061, 1.453546717464298, 0.0064366446356288205
1624160138.7226892, -1.0727767050696058, 1.4535755938062205, 0.005894063442547567
1624160138.7241573, -1.0728026297427657, 1.4535146600620628, 0.006131225953611419
1624160138.7272437, -1.0727722964844384, 1.45357872355218, 0.005546035879554564
1624160138.7369466, -1.07276130436646, 1.4535362873920163, 0.005506198530230805
1624160138.7469082, -1.0727864218526995, 1.4535847793112886, 0.0061313981135146705
1624160138.7592814, -1.0727793131500274, 1.4535491672047256, 0.005595910314010798
1624160138.7665713, -1.0727953818413398, 1.4534888470254688, 0.0065922402758283455
1624160138.777497, -1.0727907754065291, 1.453510977904663, 0.006276898538975861
1624160138.8222554, -1.0727721404150152, 1.4535144073255601, 0.006444729523117531
1624160138.8251705, -1.072729459940195, 1.4535614146668143, 0.006425433614167718
1624160138.826993, -1.0727391532419575, 1.4535559223138277, 0.006418611921899646
1624160138.8282962, -1.072777313137152, 1.4535358840611305, 0.00603768493394133
1624160138.8368206, -1.072809793334673, 1.4535402353910976, 0.006316135410057445
1624160138.8466547, -1.0727767219992468, 1.4535361863714074, 0.006553519110703569
1624160138.85697, -1.0727653447829304, 1.4535387694784743, 0.005736010408314755
1624160138.866904, -1.072751875445615, 1.4535195518200812, 0.005779226240147223
1624160138.8768232, -1.0727579540494563, 1.4534741511690685, 0.006713351603647174
1624160138.886642, -1.0727841678068588, 1.4535394319427977, 0.0064423553622263985
1624160138.9262393, -1.0727679940016943, 1.4535436071986323, 0.006135455454181425
1624160138.9281635, -1.0727615398544086, 1.4535693525377478, 0.006368680166345933
1624160138.9367008, -1.0727740021895036, 1.4535467020042532, 0.0067403663217139595
1624160138.9464257, -1.0727921277370138, 1.4535629511168373, 0.006283817427030935
1624160138.956759, -1.0727670402754759, 1.4535570000545233, 0.006534303968278193
1624160138.9664266, -1.0727819797116651, 1.453593820958879, 0.006055372301330316
1624160138.9768593, -1.0728037523547234, 1.4535546673407618, 0.006054302568831351
1624160138.9866838, -1.0728000434158909, 1.4535684327744594, 0.006114500712153622
1624160139.0283794, -1.0727971854835512, 1.453516849041084, 0.006360738496732307
1624160139.0298572, -1.0727377220768028, 1.453536218965214, 0.006832299906101151
1624160139.0369742, -1.0727521399885855, 1.4535098029042581, 0.006560602915742784
1624160139.0467658, -1.072794283317731, 1.453470976669881, 0.005699981418320429
1624160139.0568454, -1.072819824713262, 1.4535022330062672, 0.006069252931696923
1624160139.0676765, -1.0727506452710507, 1.4535047612108534, 0.0058041604496826904
1624160139.0768056, -1.0727096876885747, 1.4535277469009666, 0.006103259165835187
1624160139.0868201, -1.0727125056927231, 1.4535446767346463, 0.00588156688023849
1624160139.1291978, -1.072723532474547, 1.4535039005054327, 0.00582833029440964
1624160139.132186, -1.0727600741995147, 1.4535009037955067, 0.0059788607603953724
1624160139.133413, -1.0727156223839605, 1.4535167417741923, 0.005577285165927601
1624160139.1368694, -1.0727200008898874, 1.4534943064723471, 0.006186372151355034
1624160139.147526, -1.072708032709122, 1.4535341472713206, 0.005872582739172441
1624160139.1565044, -1.0727288036667273, 1.4534961578396426, 0.005761456747254465
1624160139.169625, -1.0727301024886267, 1.453489931382812, 0.005576950309088413
1624160139.1772, -1.0726699472213819, 1.453546981299776, 0.005349124301372003
1624160139.1870234, -1.0726785106432262, 1.4534865969326647, 0.005554448389815997
1624160139.2328913, -1.0726454360057107, 1.453470498297825, 0.0055944757393604745
1624160139.2370074, -1.0726904300247664, 1.4534462450159062, 0.0055097709792879075
1624160139.2381184, -1.0727393772193998, 1.4534852412881616, 0.0051533762115031755
1624160139.2383842, -1.0727046940484297, 1.4534737676235638, 0.00482120044994728
1624160139.247555, -1.0726753104151205, 1.4534704256533262, 0.005537949748985335
1624160139.2571285, -1.0726930942577608, 1.4534514658097764, 0.005293910219550517
1624160139.2683852, -1.0727009132071734, 1.453460317606238, 0.005703257135141771
1624160139.277241, -1.0727146022043639, 1.4534457366582871, 0.005720095615788957
1624160139.2879188, -1.0726942568592457, 1.4534672236593411, 0.005521908972282609
1624160139.2973557, -1.0726684246832667, 1.4534888585210668, 0.005283856804290156
1624160139.3361328, -1.0726656523587295, 1.453487883884514, 0.0050302941427041465
1624160139.337966, -1.0726800846570224, 1.4535084015269542, 0.005554849755618045
1624160139.3471816, -1.0726742043962965, 1.4535707081640812, 0.005495083083695947
1624160139.356917, -1.072668213070203, 1.4535499232376574, 0.005113281124861672
1624160139.366901, -1.072699564295488, 1.4535633653620452, 0.005368084969893216
1624160139.3769403, -1.0727048757390505, 1.4535923578396208, 0.005363697121108886
1624160139.3867886, -1.0727024647753967, 1.4535737387437864, 0.00550450492643518
1624160139.3974464, -1.0726985415999937, 1.453590442611467, 0.005426917960092592
1624160139.4385982, -1.0727015654527199, 1.4536125152790722, 0.004953896415569918
1624160139.4407105, -1.0726808170546294, 1.4535010520662204, 0.005050126682490063
1624160139.4494004, -1.0726335055617755, 1.4535272011908167, 0.0049269615637877115
1624160139.4573452, -1.0726070663455138, 1.45355057256382, 0.005700595515411791
1624160139.4675598, -1.072600766464893, 1.4535622120862233, 0.005652103156606254
1624160139.4780183, -1.072666689771466, 1.4535039745522211, 0.004973390170671276
1624160139.4873292, -1.0726819625857071, 1.453518315186964, 0.005312342033750965
1624160139.4980805, -1.0727151007795055, 1.4535261203282328, 0.0047355225755029064
1624160139.507461, -1.0726622941647779, 1.4535200789295901, 0.005431100889946175
1624160139.5172477, -1.0726680551411005, 1.4535322186438226, 0.005831694374265209
1624160139.527397, -1.072657101660822, 1.4535002391086433, 0.005061479805389686
1624160139.537065, -1.0726713605457427, 1.453488338690723, 0.005373942680509594
1624160139.546628, -1.0726938586712522, 1.4534975672258033, 0.005338698497987623
1624160139.55658, -1.0726930229346763, 1.4534861977580886, 0.005322162355826615
1624160139.5668485, -1.0726769472429645, 1.453496378644473, 0.005230664140550762
1624160139.5778668, -1.0726606361122109, 1.4535039488097412, 0.005020877204227337
1624160139.586567, -1.0726558967203463, 1.4534753392537034, 0.005053769153054229
1624160139.5964246, -1.072693181529886, 1.45348705228326, 0.005500988852006881
1624160139.6086848, -1.0727072238529056, 1.4534779864372827, 0.005179734271889959
1624160139.6165252, -1.0726962294250402, 1.453492229866363, 0.005502330354372283
1624160139.6272259, -1.0726617234413596, 1.4534843235831474, 0.004906600471644515
1624160139.6370196, -1.0726668249697981, 1.4534572906695489, 0.005053528348485655
1624160139.6468449, -1.0726782678014863, 1.4534905021266427, 0.005542893056172257
1624160139.6567364, -1.07266653285823, 1.4535461961397722, 0.004736300032093636
1624160139.6663566, -1.0726420363258808, 1.4535426008180752, 0.004868747556630846
1624160139.6796007, -1.0726330568710813, 1.4535717158771218, 0.005182060122831787
1624160139.6866884, -1.0726281667654163, 1.4535749278001693, 0.0049505652206402
1624160139.6966271, -1.072679087406986, 1.4535342453720534, 0.004646011616321761
1624160139.7065423, -1.072684687109192, 1.453519775768997, 0.004996481225148532
1624160139.7475598, -1.072671785309783, 1.4535354325653487, 0.005148111804327497
1624160139.7490046, -1.0726069391300037, 1.4535742588637577, 0.005183806096261517
1624160139.7566261, -1.0726500140419126, 1.4535426247210999, 0.005231778928241208
1624160139.7666826, -1.0726653588322157, 1.4534996861773357, 0.005010178579173996
1624160139.777073, -1.0726779065841727, 1.4535445735579142, 0.004843418170674356
1624160139.7875438, -1.072664410930005, 1.4535283990439454, 0.004991142926745175
1624160139.7967396, -1.072645270624783, 1.453533835127688, 0.005114013272367237
1624160139.8076541, -1.0726402575456158, 1.4535301028150782, 0.004828053678339196
1624160139.848844, -1.0726221931305595, 1.4534902603530124, 0.004798749855472825
1624160139.850287, -1.0726391560150015, 1.4535269110970015, 0.0046312798069650515
1624160139.856591, -1.0726306559270258, 1.4535505110205875, 0.005340463589506776
1624160139.8674684, -1.0726237052524878, 1.453498913097831, 0.004745223134086944
1624160139.876429, -1.0725903935859578, 1.4534734318173386, 0.005719325618114648
1624160139.887008, -1.0725674991396432, 1.4534799811284596, 0.004793291655695499
1624160139.8965302, -1.0725950880428896, 1.4535390329514464, 0.005323158455924547
1624160139.9069695, -1.0726077780298682, 1.4535938768972203, 0.004554285187486677
1624160139.9506009, -1.0726341124877345, 1.4535324396399465, 0.005260293600514992
1624160139.9525778, -1.072631138781292, 1.453507972829181, 0.0046350728524422995
1624160139.9562883, -1.0726189549217475, 1.4535779318491728, 0.004779610851592272
1624160139.9667256, -1.0725800888152264, 1.453526844547494, 0.0050424387303233745
1624160139.9765856, -1.0725967923070963, 1.4535126027642467, 0.004820743172563891
1624160139.9877734, -1.0726251952962995, 1.4535014339217287, 0.004668708433233377
1624160139.9963944, -1.0726481312174405, 1.4535044604960417, 0.004702291342278246
1624160140.0065992, -1.0726530357935355, 1.453492206516091, 0.004772871501202256
1624160140.0516639, -1.072619684519419, 1.45350510637108, 0.003912080985066713
1624160140.056861, -1.0726275406850734, 1.4534998191853015, 0.00516598415396893
1624160140.056999, -1.072642858129591, 1.4534977304860046, 0.0051667092218013475
1624160140.066526, -1.0726353992240802, 1.4535115629723496, 0.004967263619565829
1624160140.0767274, -1.0726611833997162, 1.4535337881024484, 0.005540450227304534
1624160140.0892954, -1.0726668629015081, 1.4535079437721774, 0.0048353258321602866
1624160140.1022615, -1.0726482317683304, 1.4535085825480039, 0.004836794389754589
1624160140.1060247, -1.0726406205190997, 1.4535456730780436, 0.005563095213797612
1624160140.1166706, -1.0726185792818845, 1.4535467541181695, 0.004859901742480942
1624160140.1552818, -1.0726164121531205, 1.453540492934851, 0.005394707474640435
1624160140.1566162, -1.072613659377304, 1.453443850585111, 0.005594523993309774
1624160140.158356, -1.0726194878113524, 1.4534602852457366, 0.004910858855122654
1624160140.1662824, -1.0725927253441263, 1.4534941563595563, 0.005123939104515861
1624160140.1767824, -1.0725581070660752, 1.4534887588357568, 0.004947558920265015
1624160140.1861682, -1.0725714033692035, 1.4535059293563455, 0.004468000986989388
1624160140.196411, -1.0725743140060184, 1.4534805547717757, 0.004496473579034539
1624160140.2063453, -1.072628327272666, 1.4534682109789794, 0.005366284762353365
1624160140.2166913, -1.072616417476359, 1.4534997330964607, 0.005060968719955786
1624160140.258413, -1.0726227478264119, 1.4534711770575672, 0.004669271926461263
1624160140.2607582, -1.0726005590809555, 1.453494118390607, 0.004250170317970542
1624160140.2668142, -1.0726156275892103, 1.453515542422952, 0.004412620041412955
1624160140.2767715, -1.072613682035559, 1.453515745124748, 0.0046749553043942856
1624160140.2866073, -1.0726352934777783, 1.4535398045043457, 0.004294575007249708
1624160140.2972074, -1.0726254140243838, 1.4535216572303113, 0.00532136361059019
1624160140.3067367, -1.072638433742981, 1.4535010607761112, 0.0051861246813749064
1624160140.317216, -1.072627334485552, 1.453491045949401, 0.004674920852611165
1624160140.359567, -1.072612342746228, 1.453509145545469, 0.0048536756885064645
1624160140.3612583, -1.0725954714052564, 1.4535020788606496, 0.004802904105216491
1624160140.3669171, -1.0726252129692655, 1.4534996708255967, 0.004741284379904263
1624160140.3774004, -1.0726190119941783, 1.453505480325131, 0.00461909686038265
1624160140.387498, -1.0726206086688697, 1.4535175989272573, 0.004704577532933442
1624160140.3974528, -1.0726130744554143, 1.4535435795664449, 0.004636693970796316
1624160140.4072676, -1.0726236473082915, 1.4535380804495608, 0.0048227205083198055
1624160140.417017, -1.072633711685042, 1.4535239335939463, 0.004979972625102907
1624160140.4289937, -1.0726481045105034, 1.453507871579766, 0.004545936380654725
1624160140.4375653, -1.072644953393227, 1.4534913760885066, 0.004866939144645644
1624160140.4477472, -1.072642578808131, 1.4535269711979482, 0.004868320539971365
1624160140.4572175, -1.0726049019950201, 1.4534831134654025, 0.004754130156277962
1624160140.4674077, -1.0726138647476444, 1.4535011613641795, 0.004340132738486716
1624160140.4776573, -1.0726004083699996, 1.4535149126168947, 0.004179664058368625
1624160140.487157, -1.072609823295375, 1.4535461940223584, 0.005426097909706437
1624160140.5002697, -1.0726215889607122, 1.4535709719296572, 0.004565601326474654
1624160140.5078166, -1.0726151884273858, 1.4535494504497264, 0.004662479539474469
1624160140.5173478, -1.072600661691556, 1.4535073841230435, 0.004999446151780882
1624160140.5298376, -1.0726636299267363, 1.4534914920518307, 0.004684914968056236
1624160140.5371606, -1.072636060183643, 1.4534606122864608, 0.004685071230393761
1624160140.5470104, -1.0726235245758018, 1.453493194479534, 0.004790820551922985
1624160140.556622, -1.0725936423505547, 1.4535085852434804, 0.004677794983760688
1624160140.5662901, -1.0726027681512682, 1.453514603893777, 0.005210706214685024
1624160140.5773, -1.0726042836883756, 1.4534762794561464, 0.004275804337820585
1624160140.5867047, -1.0726596296916873, 1.4534981626046757, 0.005179489643349954
1624160140.5965552, -1.0726440795903671, 1.4534530641661854, 0.004615308323593324
1624160140.6064184, -1.0725759990216976, 1.4534362376023802, 0.005452062470512297
1624160140.616628, -1.072556473379964, 1.4535164283686837, 0.004206708015525408
1624160140.6264331, -1.0726075722049377, 1.4534748933264217, 0.004415185987225409
1624160140.6669347, -1.072614641131152, 1.4534526058522854, 0.004708111980756198
1624160140.668462, -1.0726397253914421, 1.4535259647130838, 0.004884978193045287
1624160140.6779153, -1.0726129449833963, 1.4535443218507376, 0.0045505924112352976
1624160140.686426, -1.0726360967521773, 1.4535473185951868, 0.005211670033294489
1624160140.6970963, -1.0726441692597417, 1.4535363922991353, 0.004638055891484095
1624160140.7060409, -1.0726194256265504, 1.453536458894944, 0.004946843663604014
1624160140.7172487, -1.0726076259017157, 1.453500976563283, 0.005010840558360517
1624160140.7267973, -1.0725621733425803, 1.453478824341987, 0.004599733571343062
1624160140.7692215, -1.0725673434396508, 1.4534760053702098, 0.0048107927028816005
1624160140.771134, -1.0726145323946303, 1.4535194805042604, 0.004681617607541986
1624160140.7767122, -1.0725721371615378, 1.4535535533229749, 0.004540477551098595
1624160140.7864606, -1.0725613356842196, 1.4535634919818925, 0.004004758082978758
1624160140.7972488, -1.0725776270264584, 1.4535481186379624, 0.004989822082102143
1624160140.806654, -1.0726230867206081, 1.45352400644327, 0.004833143836729216
1624160140.8166633, -1.0725940877847489, 1.4535083886494695, 0.005109837685834195
1624160140.8268995, -1.072588225114339, 1.4535316131229552, 0.0044875991997722605
1624160140.8378458, -1.0725942930676755, 1.4535693296358099, 0.004425026186015352
1624160140.8465688, -1.0725771079017103, 1.4535593075978983, 0.004600717267255012
1624160140.856874, -1.0725927455431463, 1.4535514185869707, 0.004726615112726475
1624160140.866342, -1.0726296209403112, 1.4535226119382227, 0.005419648595495936
1624160140.876892, -1.0726280075700312, 1.4535487148073833, 0.0048123533426705145
1624160140.8865395, -1.072595283066705, 1.4535244907035738, 0.004040367948755488
1624160140.8963258, -1.0725934829422865, 1.4535451046262031, 0.004728810517032384
1624160140.909005, -1.0725703003205267, 1.4535124357676847, 0.004509955886621349
1624160140.9163485, -1.0726121401372046, 1.4535142452476997, 0.004924300683545969
1624160140.9265187, -1.0726056222545601, 1.4535341560723745, 0.004728056184222418
1624160140.972355, -1.0725653093858178, 1.4535140411964538, 0.005028078425625007
1624160140.9751573, -1.0725800547966158, 1.4535613911871592, 0.0043049249067748695
1624160140.9767504, -1.0725785881445686, 1.4535353236609607, 0.005047001990149176
1624160140.9783049, -1.0725771943354885, 1.4535493536605908, 0.004662943818325842
1624160140.9864793, -1.072618068348771, 1.453547718412339, 0.004680398500681965
1624160140.9964354, -1.0725849683808928, 1.453563843149973, 0.005014044091603003
1624160141.006513, -1.072528237753495, 1.4535582243704475, 0.005035143683691728
1624160141.0166047, -1.072559069051383, 1.453477731877953, 0.004829239985130809
1624160141.026183, -1.072570280840973, 1.4534924467950392, 0.004373168408112592
1624160141.0365465, -1.0725941932069039, 1.4535192815895637, 0.004292957297632269
1624160141.0763931, -1.0725384864219896, 1.453504513686732, 0.004411344830997335
1624160141.0785096, -1.0725652353541288, 1.4535795475807696, 0.004095708704199356
1624160141.087317, -1.0725990792508853, 1.4535219003744013, 0.003899579855046602
1624160141.0967402, -1.0725984263513755, 1.4535208753338305, 0.0044400424689151384
1624160141.1067438, -1.0725927102786952, 1.4535565489724669, 0.004582414883261936
1624160141.1163688, -1.0725677394198194, 1.453539158441819, 0.004106852638381868
1624160141.1267207, -1.0725525771424071, 1.4535348198990325, 0.003865871254952225
1624160141.1366453, -1.0725680019384638, 1.4535262785388268, 0.004312285328144083
1624160141.189424, -1.0725633577702345, 1.4534672043516559, 0.004338123535543141
1624160141.1941013, -1.072562586449057, 1.4535426388694048, 0.004442375888212312
1624160141.1942303, -1.072577345187799, 1.4535194826759332, 0.003944634259338425
1624160141.2537434, -1.0725563884095335, 1.4535174477456823, 0.004379210828613562
1624160141.2540798, -1.0725455425483863, 1.4535186602252321, 0.00508552294044299
1624160141.2543917, -1.0725686503846874, 1.4536221320165976, 0.004543201247138808
1624160141.2554064, -1.0725781358426338, 1.45347777945339, 0.004109846628191695
1624160141.2571864, -1.0725478159540243, 1.4534598313052476, 0.0043596407423107005
1624160141.2791266, -1.0725342395596345, 1.4535139430113933, 0.004152323836819448
1624160141.2830627, -1.0725327736731978, 1.4534899210104164, 0.0036238740182035125
1624160141.3203578, -1.0725096804258858, 1.4535231830243667, 0.003569189252733194
1624160141.3223035, -1.0725867591546345, 1.4534820905762196, 0.0040802112894560965
1624160141.326564, -1.0725299548421159, 1.453488367472266, 0.004096475417468589
1624160141.3373044, -1.0725259486449017, 1.4535132459444926, 0.0038568114979950275
1624160141.3487432, -1.0725161095818299, 1.4534876569199902, 0.003837806504045767
1624160141.3851664, -1.0725423096024929, 1.4534922950621285, 0.0039198354944204586
1624160141.3872304, -1.0725584082005106, 1.4535317326567125, 0.003771396245611427
1624160141.3886375, -1.072561415855204, 1.453539897065193, 0.0038953786384788476
1624160141.3970516, -1.0725457029739325, 1.4535092037286133, 0.0036926004304680435
1624160141.4072688, -1.0725462431374575, 1.4535085624008643, 0.004038190157394559
1624160141.416808, -1.072540985258797, 1.4534752640226924, 0.004203246259694752
1624160141.4267147, -1.0725455298086841, 1.4535258686047803, 0.004079530545826315
1624160141.4371035, -1.072528419542225, 1.4535058360685897, 0.003752938441004253
1624160141.4525268, -1.0725127573611872, 1.4535281262872082, 0.004307421002465762
1624160141.4867806, -1.072547550452306, 1.4534643605272712, 0.003834755870039419
1624160141.4886632, -1.0725639447959252, 1.4535116716389727, 0.004286164204137041
1624160141.4980145, -1.0725215377752226, 1.4534911874284047, 0.005027679896884516
1624160141.5079331, -1.0725358669336893, 1.4534873156183619, 0.0039943230355081695
1624160141.5170386, -1.0725816596204658, 1.4534978715406677, 0.003970950795865278
1624160141.526917, -1.072566393478927, 1.4534436590554207, 0.0039538853607566996
1624160141.5370493, -1.0725717469086642, 1.453542209747694, 0.004563509338078632
1624160141.546806, -1.0725284888955329, 1.4535345095508665, 0.0037353965982098924
1624160141.588246, -1.0725105205931134, 1.4535324021086728, 0.0036233876134754745
1624160141.5899205, -1.072513492321912, 1.4534655026148062, 0.004494889511849035
1624160141.5968103, -1.0725383344904218, 1.4534605224031982, 0.004504180285424211
1624160141.6067932, -1.072532170636157, 1.4534380380191936, 0.00407671685175444
1624160141.6164768, -1.072545789965417, 1.4534900167483287, 0.004066343188457352
1624160141.6264899, -1.0725203432064407, 1.4534657792191372, 0.004991420917077551
1624160141.63569, -1.072533074410839, 1.4535000094399417, 0.0036038370554334
1624160141.6455302, -1.0725398064600369, 1.4535494838558747, 0.0037756800477204222
1624160141.6570032, -1.0725332172958897, 1.4535513745708528, 0.004491024214798648
1624160141.665751, -1.0725310372370669, 1.4535240738358124, 0.004228880160919945
1624160141.6757724, -1.0725674536830645, 1.453479064308074, 0.004271541783189798
1624160141.6853964, -1.072531937365771, 1.4534225691743838, 0.004061073561291594
1624160141.6958563, -1.0725382548866564, 1.453386489720051, 0.003330155339565682
1624160141.7055397, -1.0725143428887594, 1.4534484295569488, 0.003961415161432448
1624160141.715814, -1.0725047910205003, 1.453461335365625, 0.004086402455405384
1624160141.7285836, -1.0725004781050065, 1.4534999169123712, 0.004192066595018986
1624160141.7356124, -1.0725163027772429, 1.4534841378203103, 0.0035097799143811565
1624160141.745621, -1.0725514640269949, 1.4534705920968156, 0.0035474141222062894
1624160141.7581563, -1.0725521101324693, 1.45344332135706, 0.003944396580733585
1624160141.7948756, -1.0725455432548747, 1.4535033780505224, 0.004459889343533191
1624160141.796515, -1.0725237076447642, 1.453500107190225, 0.00414112438215811
1624160141.8057694, -1.0725550886432396, 1.453516990102595, 0.004046212570910006
1624160141.8161664, -1.0725404242762624, 1.4535137238290576, 0.0032587393337838544
1624160141.8265378, -1.0725708052345948, 1.4534987958969312, 0.0038198073708347667
1624160141.8360445, -1.0725223148318868, 1.4534657839525538, 0.0034386161511033796
1624160141.8458762, -1.0725502032458472, 1.4534938598207352, 0.004207332846046455
1624160141.8560727, -1.0725026319202307, 1.4534903842158082, 0.004144499990760284
1624160141.8957891, -1.0724803982450644, 1.4534704342125462, 0.003612432910972813
1624160141.8973901, -1.0725267237904614, 1.4535053537875489, 0.003887249063240726
1624160141.9064023, -1.0725442035614565, 1.4534738336439026, 0.003913834029460824
1624160141.916114, -1.072525326092917, 1.453465239312038, 0.004385752783544872
1624160141.9260805, -1.0725015403794995, 1.4534951278228858, 0.0037582708318887577
1624160141.936044, -1.0724727556188525, 1.453518827610463, 0.003462674907377732
1624160141.9465528, -1.072500233039407, 1.453515891413087, 0.003999203356870068
1624160141.9562662, -1.0724825698474496, 1.453497934077688, 0.004004022715725637
1624160141.998191, -1.0725145990857006, 1.453495587816673, 0.00360182226665203
1624160141.999735, -1.0724960994031367, 1.4535507226798898, 0.003543512497013448
1624160142.008212, -1.0724925208483571, 1.4535394581915206, 0.0036405942213879566
1624160142.0161479, -1.072486102025561, 1.453499559295305, 0.0034838002517852628
1624160142.0255535, -1.0725043444462703, 1.4534356897983292, 0.004030310952952727
1624160142.03541, -1.0725083725316005, 1.453490385943112, 0.003638734803189284
1624160142.0453415, -1.0725169592968233, 1.4535191621223749, 0.004064457798422097
1624160142.0554132, -1.0725228860277236, 1.4535075442462364, 0.004205612147609641
1624160142.0665278, -1.0725516394030206, 1.4534715672984004, 0.0034103749876468283
1624160142.0751278, -1.0725457442188109, 1.453464956269796, 0.0035104320779681844
1624160142.0854473, -1.072540999115572, 1.4534648613913077, 0.0036213400793737274
1624160142.0953603, -1.0725160990950713, 1.4535358265686869, 0.004028194496852756
1624160142.1053786, -1.072530359289218, 1.4535088597451564, 0.004250707412453514
1624160142.115599, -1.0725205670406304, 1.4534721344421182, 0.0036383247335181963
1624160142.1257355, -1.0725662740426178, 1.4534664385579075, 0.003727294680346608
1624160142.1380782, -1.0725749572597092, 1.4534839026711663, 0.0034770079289770375
1624160142.1464534, -1.0725390745650432, 1.4534691633408183, 0.004119607312426143
1624160142.1561182, -1.0725315429104343, 1.4534960147236087, 0.004473270048058293
1624160142.1681392, -1.072505437066905, 1.4534770304461269, 0.003707630208564057
1624160142.176072, -1.0725215968321107, 1.45349651135618, 0.0038308153387697236
1624160142.1860201, -1.0725894137154366, 1.4534625246734847, 0.004022047201253181
1624160142.2122862, -1.0725768539055636, 1.4534735678436235, 0.003636912793327979
1624160142.2136743, -1.0725322703029418, 1.4534765130031917, 0.003918190517274427
1624160142.412862, -1.0724877785719449, 1.453497988230792, 0.003903161112581464
1624160142.5152357, -1.0725312707723562, 1.45353292658263, 0.004409484861906324
1624160142.5155826, -1.0725515036631563, 1.4535614663559229, 0.00468459601636218
1624160142.5158212, -1.0725345059651343, 1.4535275580273015, 0.004041429294886534
1624160142.5160525, -1.0725770562957562, 1.4535327023730875, 0.004701194314268779
1624160142.5162828, -1.0725707065717638, 1.4534751729205566, 0.0038596430681128897
1624160142.5165138, -1.0725646658886394, 1.4535167730514684, 0.003320473936838234
1624160142.5167432, -1.0725359176964975, 1.4535222795949487, 0.0036470500267236135
1624160142.5199697, -1.0725604590508107, 1.4534729607754189, 0.003763404822015567
1624160142.5212946, -1.0725357096642314, 1.4535079027182374, 0.00410429813202234
1624160142.5216541, -1.0725977498229873, 1.4534748212411137, 0.004079760151125364
1624160142.52259, -1.07256902533418, 1.4534623137738452, 0.0037144570798934044
1624160142.5282178, -1.072544415296164, 1.4534936681710402, 0.0038149881750621766
1624160142.5370102, -1.0725227888415836, 1.453514127844772, 0.0035126576645106685
1624160142.548731, -1.0725290745684506, 1.4535266160855824, 0.0035431521292680307
1624160142.6461594, -1.0725342271432445, 1.4534936359095234, 0.0036164245601780884
1624160142.6464903, -1.0725591966329535, 1.4534682551386673, 0.003915691935753814
1624160142.6467252, -1.0725753393266404, 1.4534635248422838, 0.004573423027059662
1624160142.6469617, -1.0725114159510143, 1.4535131384871207, 0.004051122061943563
1624160142.6471965, -1.0725315369709776, 1.4534928012517956, 0.004608135879715058
1624160142.6474252, -1.0725672449995889, 1.4535075936343185, 0.004297536731225739
1624160142.6476521, -1.0725651673173762, 1.4535179929401736, 0.004221075862989306
1624160142.650263, -1.0725383251608516, 1.453505747764465, 0.004293027309744817
1624160142.6566005, -1.072514057779615, 1.4535025070416547, 0.004051941862477523
1624160142.6667273, -1.0725376836241278, 1.4535595277546793, 0.004071411982608315
1624160142.6775496, -1.0725652076355623, 1.4535189987189452, 0.004113396741403253
1624160142.7754931, -1.0725919358813076, 1.4534917395328866, 0.003873751117007174
1624160142.77583, -1.0725711878594575, 1.4534572306484284, 0.004150983528433606
1624160142.7760718, -1.072561694881512, 1.4534751512872237, 0.004082648784004596
1624160142.776304, -1.0725712541436936, 1.4534630899840462, 0.0040891433267152225
1624160142.7765324, -1.072556815876925, 1.4534421291726751, 0.0039857921685327495
1624160142.7767582, -1.0725340097238487, 1.4534693378589827, 0.004277830348627015
1624160142.7769852, -1.0725301974413328, 1.4534666858766654, 0.004059873058531435
1624160142.777213, -1.0725298541402897, 1.4535470039617682, 0.003930246020374419
1624160142.7787607, -1.0725502808849472, 1.453514326707906, 0.0038369882873894538
1624160142.9247718, -1.0725623753146096, 1.453506881092781, 0.0037468377880902483
1624160142.9315212, -1.0725350217139245, 1.4535030516808258, 0.003629131804440699
1624160142.9318554, -1.0725129637533861, 1.4535123140927526, 0.0033765296956780088
1624160142.9320936, -1.0725407736593462, 1.4535015405804912, 0.004103531864031169
1624160142.9323242, -1.0725744720651038, 1.4535189185303317, 0.00372551669624586
1624160142.932554, -1.072585595665911, 1.4534847324249767, 0.004585230690206134
1624160142.9327836, -1.0725737746193766, 1.4534803837692285, 0.004191601520623632
1624160142.9330144, -1.0725383117610803, 1.4534995539228668, 0.004178113880466141
1624160142.9332423, -1.0725269446860237, 1.4535375478815697, 0.0038436013729293613
1624160142.9334712, -1.0725634805830755, 1.4534732059238684, 0.0038764480251400443
1624160142.934216, -1.0725480139131442, 1.4534605956729552, 0.0032733056307236415
1624160142.9370143, -1.0725438415772597, 1.4535120485138722, 0.004016183472795167
1624160143.0307124, -1.0725449065193178, 1.4535250265540962, 0.00391793473020836
1624160143.0351686, -1.072551192881492, 1.453493705774381, 0.004140223209511845
1624160143.0355, -1.0725880221340451, 1.4535397853073093, 0.003737525553806567
1624160143.0357385, -1.0725918285921119, 1.4535116945285522, 0.004180858412000317
1624160143.0359714, -1.0726001679591914, 1.4534973268479598, 0.004035832546037241
1624160143.0362008, -1.072575763225722, 1.4535053898420662, 0.003753727971434653
1624160143.0369084, -1.0725451542147062, 1.4535479558601039, 0.004058211190543941
1624160143.0471563, -1.072545615136961, 1.4535602060776154, 0.0038369405029389588
1624160143.0608401, -1.0725343663261595, 1.4535106079160578, 0.004278248805008576
1624160143.066544, -1.0725343610134164, 1.4535082010909237, 0.0037576790509934004
1624160143.1660721, -1.0725155694196915, 1.45349415622543, 0.0041913663375128035
1624160143.1711645, -1.072512407484505, 1.4534723392282949, 0.004081814445639942
1624160143.171458, -1.0724671028142583, 1.453457848229074, 0.0034221071788428487
1624160143.1716936, -1.072497010026918, 1.4534584056783533, 0.004406379095927736
1624160143.1719236, -1.0725131692537162, 1.4534889869543415, 0.003768529118613567
1624160143.1721528, -1.0725088142738268, 1.453515184431003, 0.004303729793317994
1624160143.1723828, -1.0725204009422347, 1.4535070204085128, 0.002837439989454982
1624160143.1726143, -1.072532091516442, 1.4535043855166678, 0.003550611508337464
1624160143.1733515, -1.0725208904325385, 1.4534948194989945, 0.003882463184335535
1624160143.1769843, -1.0725010125375039, 1.45344650966248, 0.003923884089134256
1624160143.1873245, -1.0724938697697857, 1.4534878038893084, 0.0032784516654233036
1624160143.330545, -1.0724560896683428, 1.453493675021886, 0.003930965295956583
1624160143.3382363, -1.0725281136466387, 1.4534563496234534, 0.004066584859954167
1624160143.3385465, -1.0725435227789828, 1.4535009986142218, 0.004355745331909982
1624160143.3387814, -1.0725348113804185, 1.4535094487866766, 0.004014531401737719
1624160143.3390098, -1.0725029863539381, 1.4535583505268, 0.00419299356294178
1624160143.339238, -1.0724933998668325, 1.4535466745657974, 0.003973964376311462
1624160143.3394654, -1.0725229044923776, 1.4535665615739872, 0.00428364818021522
1624160143.3396935, -1.072539687976594, 1.4535046849921398, 0.00371225037607362
1624160143.3399222, -1.0725389528678408, 1.4534799110388474, 0.004059555596674675
1624160143.340151, -1.0724645931228818, 1.4534487467429265, 0.004374608249730073
1624160143.3408597, -1.0725325457717823, 1.4534910923685989, 0.0035693092588405624
1624160143.43794, -1.0725252490346042, 1.4534485571608318, 0.003956449159345381
1624160143.4435558, -1.0725329494633007, 1.4535103982140958, 0.0039598138292747396
1624160143.4441936, -1.0724850198866795, 1.4534476231212365, 0.003563634257259854
1624160143.4452014, -1.0724905853386382, 1.453511415855101, 0.0040481356615349115
1624160143.44556, -1.0725268726989554, 1.4534882898926154, 0.003887109403517904
1624160143.4458127, -1.0725185825309154, 1.4534187656198791, 0.0044690623305703465
1624160143.4460988, -1.0724889140949796, 1.4534013433482997, 0.003194328244814835
1624160143.4476542, -1.072462601316548, 1.453468088466469, 0.003622639622665718
1624160143.4480324, -1.0724963446495879, 1.453463937393016, 0.0037834978728897486
1624160143.449349, -1.0725085219624406, 1.4534387867313907, 0.00428322131424325
1624160143.4515584, -1.0725595013459583, 1.453477887767572, 0.004076898893920768
1624160143.4578238, -1.072566440083589, 1.4534860558635008, 0.003487643159488735
1624160143.4710593, -1.0725011440554348, 1.4534262277223629, 0.004492825066922567
1624160143.5732105, -1.0725073025128595, 1.4534909965743184, 0.004299824948785311
1624160143.5781004, -1.0724973086727463, 1.4535326509323856, 0.003929426127682214
1624160143.5782533, -1.072523441030371, 1.4535475928941102, 0.003931255832565909
1624160143.5783732, -1.072538029140855, 1.4534574699409923, 0.00419060580153865
1624160143.578534, -1.072527653799921, 1.4534244501195563, 0.004555973528445288
1624160143.5786452, -1.072520309579783, 1.4535023662641704, 0.004073519216031298
1624160143.5787554, -1.0725061596959367, 1.4534664693381463, 0.0034420495141222994
1624160143.5788615, -1.072521306668152, 1.4534618379831696, 0.0034096071583760578
1624160143.5789676, -1.0725565617402129, 1.4534327347286304, 0.004050947560776102
1624160143.5806644, -1.0725413799342245, 1.4534729168565055, 0.004108081467783466
1624160143.586685, -1.072509976041002, 1.4534567592243723, 0.004486602298234445
1624160143.596667, -1.07253995039762, 1.4534859808547749, 0.003987926939215321
1624160143.6607246, -1.0725535929388719, 1.4534818231754998, 0.0038262872034837835
1624160143.6633825, -1.0725227771306658, 1.4534891217126447, 0.0038056359947074435
1624160143.6638298, -1.0724907744628656, 1.453486055076392, 0.0034957127616939395
1624160143.663972, -1.0725413373738448, 1.4535237609853053, 0.004313537381273745
1624160143.6662848, -1.0725747242753658, 1.4534421122830214, 0.004254724655606088
1624160143.6764646, -1.0725602890228625, 1.4534616983884294, 0.003692083777332378
1624160143.6871352, -1.0725310682485292, 1.4534261624862301, 0.00358484406604324
1624160143.6964393, -1.0724674932207694, 1.4534636940760033, 0.0036963576183211876
1624160143.8425853, -1.0724627540690563, 1.45348321916047, 0.0038736344666820918
1624160143.8477108, -1.0725102694250932, 1.4534519532421268, 0.0038427928692643764
1624160143.8478699, -1.0725119981246214, 1.4534530835228792, 0.00415936552830281
1624160143.848049, -1.0724831331676041, 1.4534599634739584, 0.0037591891534882642
1624160143.848156, -1.0724868879529017, 1.4534406020083661, 0.004119545745584749
1624160143.8482654, -1.0724942965164557, 1.4534547738331316, 0.004107764278272353
1624160143.848375, -1.072546475839047, 1.4534048192408198, 0.003156996837657023
1624160143.848476, -1.07252919842247, 1.4534593045191895, 0.003950901232292447
1624160143.8485749, -1.072519126942856, 1.4534741072622592, 0.004014813455731999
1624160143.8486743, -1.072503359281287, 1.4534735377800625, 0.004190223258083047
1624160143.848773, -1.0724878211924342, 1.4534448363219434, 0.0036453899758055693
1624160143.8505614, -1.0725095654390089, 1.4534591471775467, 0.004078034225673433
1624160143.8567903, -1.072504793446912, 1.4534617241478984, 0.004055196273240909
1624160143.866758, -1.0724924566194736, 1.4534739921131392, 0.00441497884341659
1624160144.0083675, -1.072488787532791, 1.4534993746758404, 0.003600188941259455
1624160144.0202458, -1.0725089968741583, 1.4534790736546561, 0.0035087798793436474
1624160144.020427, -1.0725357056296148, 1.4534827250564903, 0.004123582280003956
1624160144.0205312, -1.0724811514923078, 1.4534336604458316, 0.0046088058874892215
1624160144.020632, -1.0724766391648712, 1.453468275731638, 0.0036708208700510607
1624160144.0207367, -1.072485232589296, 1.453500029328923, 0.0036688072124820862
1624160144.020846, -1.0725245713706961, 1.4534883107556416, 0.0042217026299919665
1624160144.020945, -1.0725229032576027, 1.4534819145311155, 0.0033741159074622004
1624160144.0210543, -1.0725042478155205, 1.4534421183524804, 0.0038627807990049483
1624160144.0211535, -1.0725113468496537, 1.4535225946363797, 0.004111246687734222
1624160144.0212543, -1.0724922239805876, 1.4535538845932736, 0.004125481366558578
1624160144.0213532, -1.0724847436812317, 1.4535359676971404, 0.004235931079228197
1624160144.0214503, -1.072523768859934, 1.4534973668413849, 0.003914115042445007
1624160144.0218136, -1.0725167302469394, 1.4535063543585125, 0.004635201036598613
1624160144.026342, -1.0725426218123826, 1.4535105371142183, 0.003879255276640371
1624160144.03664, -1.0724825020534459, 1.453516523585951, 0.0036134566664077264
1624160144.0470583, -1.0724804639066117, 1.4534639431821803, 0.004016527300488664
1624160144.1812956, -1.0724879587071117, 1.4534462124881586, 0.003811774553684517
1624160144.1885288, -1.0725335930346958, 1.4534604864150489, 0.003923456457636923
1624160144.1886747, -1.0725409295699149, 1.4534835772091028, 0.003984910671692041
1624160144.1887774, -1.0724840644260236, 1.4534418798223399, 0.0035226215960262124
1624160144.1888766, -1.0724601445912354, 1.4534652019973062, 0.00500193420518383
1624160144.1889744, -1.072509210539644, 1.4534348006905309, 0.0037882203010879225
1624160144.189072, -1.072541107156622, 1.4534004649450871, 0.00406970508736165
1624160144.189169, -1.0724740877733874, 1.453528699087743, 0.0039941972506591815
1624160144.1892662, -1.0724740229993204, 1.453483942933854, 0.004264009640139278
1624160144.189363, -1.072546038458475, 1.4534757776534446, 0.003893581186298581
1624160144.18946, -1.0725608422972013, 1.4534714781502656, 0.003986911396391015
1624160144.1919503, -1.0725367104406178, 1.4534605750605165, 0.0039602631634014455
1624160144.1966212, -1.0725070907784693, 1.4534766924959568, 0.003848263615936015
1624160144.2076626, -1.072472358022313, 1.453478605337081, 0.0039884513028038615
1624160144.217432, -1.0724558008259788, 1.4534455749525206, 0.004113528911488733
1624160144.3542957, -1.0724969219487657, 1.4534452849377977, 0.003612282606775152
1624160144.364635, -1.0725009319128387, 1.4534112005501154, 0.003940573232067242
1624160144.365011, -1.0724950947397518, 1.4534688261118849, 0.0036947055513030817
1624160144.3652544, -1.0724657895906602, 1.4534287171708147, 0.003969409401593605
1624160144.3654864, -1.0724650649939234, 1.4534369336583621, 0.004210433733360552
1624160144.3657165, -1.0724811405603687, 1.453458541658105, 0.003995356021834844
1624160144.3659456, -1.0725236211109852, 1.4534617200011948, 0.004210692472394647
1624160144.3661795, -1.0725041185921267, 1.4534780168693362, 0.004027238056488936
1624160144.366411, -1.0724818832620373, 1.453507036133708, 0.003588689666714383
1624160144.3666387, -1.0724615022900912, 1.453452886733667, 0.003954984059740684
1624160144.3668675, -1.0725080835664875, 1.453460351953716, 0.003373048995135206
1624160144.3670993, -1.0725004011153816, 1.4534278979549033, 0.0038027885625322795
1624160144.3673282, -1.072498182950007, 1.4534398725933713, 0.003715606093250708
1624160144.3675556, -1.0725239819705248, 1.4535050498023687, 0.003206768956128075
1624160144.3683975, -1.0724839270118927, 1.453496190940937, 0.0034089895149616665
1624160144.3779545, -1.0724630743615178, 1.4534694143652924, 0.0037365337555433347
1624160144.386081, -1.072506270263487, 1.453478571655549, 0.004184554768609021
1624160144.3973505, -1.072541374345992, 1.4534375688997216, 0.0037205435492153422
1624160144.406954, -1.0725440490209843, 1.4534801163741997, 0.004205677184303828
1624160144.420882, -1.0725024314357612, 1.4534755584164223, 0.003772542078691285
1624160144.456635, -1.07248447956062, 1.4534854206961063, 0.0035809810407683136
1624160144.458618, -1.072533824055303, 1.4534758314921685, 0.0037089001100509217
1624160144.4669514, -1.0725251843411816, 1.4534643623021462, 0.0038798408378591504
1624160144.477199, -1.072526299634985, 1.4534716457143346, 0.003917685027037859
1624160144.4866176, -1.0725166648135043, 1.4535128089063016, 0.0040343573334181895
1624160144.4973407, -1.072498257430473, 1.4535017737982714, 0.0037866946438973596
1624160144.506682, -1.0724986181104106, 1.453427393050094, 0.004226951426638703
1624160144.5168338, -1.0725278322128144, 1.4534317050638477, 0.003793536365474927
1624160144.5269268, -1.072494518516172, 1.453482220751658, 0.004418999430075218
1624160144.536746, -1.0725292435984741, 1.4535110949661876, 0.004353759840029908
1624160144.5469594, -1.0725436072132521, 1.453513998625535, 0.0034127409464144113
1624160144.5561538, -1.0725352252472797, 1.4534174584697683, 0.004377304634496129
1624160144.5664077, -1.0725628148655701, 1.4534364423493535, 0.0044746523157480475
1624160144.5758777, -1.0725424906468306, 1.453452496638547, 0.004080105006540184
1624160144.5864525, -1.0724893271526814, 1.4534353668699052, 0.004091786133954447
1624160144.5965452, -1.0725115234932918, 1.453477686549871, 0.0038233311073447417
1624160144.606765, -1.0725227118358338, 1.4534885760932708, 0.004279625483376962
1624160144.6166153, -1.0725450544790973, 1.4534477896653495, 0.0038872534704285488
1624160144.6599698, -1.072535585227856, 1.4534569075839763, 0.0036173785641431125
1624160144.6622558, -1.0725171418253232, 1.4534947538485663, 0.004213321268299412
1624160144.663807, -1.072519623306961, 1.4534660756274256, 0.003978982343655938
1624160144.6661205, -1.0725433671713445, 1.4534817551017116, 0.004020371722116175
1624160144.6763494, -1.0725541374756182, 1.4534344361960063, 0.004233955013925304
1624160144.6870177, -1.072575649820418, 1.4534870472132686, 0.004192503426548492
1624160144.697877, -1.0725164979282757, 1.4534710506589201, 0.0032451833322746128
1624160144.70662, -1.0725223021428258, 1.4535113751806263, 0.004168238274625365
1624160144.7163434, -1.0725192262788905, 1.453484383516159, 0.0032929674758277313
1624160144.730195, -1.0725155441530456, 1.453455271432157, 0.0034013482315537343
1624160144.7362826, -1.0725206206355684, 1.4534620012766875, 0.004222840552036628
1624160144.7477362, -1.0725281745716377, 1.4535084471142237, 0.004540801256530009
1624160144.756261, -1.072529836751389, 1.4534899254834266, 0.003667371523157414
1624160144.7665308, -1.0725274337111144, 1.453458593623154, 0.003788061707032403
1624160144.7765808, -1.0725511162178023, 1.4534761306831157, 0.003694773453911143
1624160144.7865582, -1.0725149704362498, 1.453487591738484, 0.0036930042104841468
1624160144.799444, -1.0725056141643188, 1.453498940061382, 0.003809396984924315
1624160144.8062475, -1.0724901905633248, 1.4534850368708538, 0.0038561583922894133
1624160144.8164535, -1.0724967081910561, 1.4534714526821106, 0.0041294610486519445
1624160144.8268495, -1.0725266344930273, 1.4534994396986813, 0.003903928664680636
1624160144.836369, -1.0725139599603424, 1.4534863311262483, 0.0037585090749694184
1624160144.8468676, -1.0725205998313923, 1.4534518615306942, 0.004146949414429573
1624160144.856587, -1.0725368064880114, 1.453481982305084, 0.00430220720035743
1624160144.8662052, -1.0725064118033512, 1.4534798496475754, 0.0043898277505868616
1624160144.8773155, -1.0725147897282032, 1.4534697906998895, 0.0035220294809328373
1624160144.886493, -1.0725224472078578, 1.4534776283352713, 0.003453752596921761
1624160144.8962, -1.072535885859123, 1.453439683948112, 0.004030265642345382
1624160144.906218, -1.0725287901491265, 1.453487929815189, 0.0037929598964140665
1624160144.9162457, -1.0725172649313501, 1.4534650158793947, 0.0037491442870571795
1624160144.92629, -1.0724805651510596, 1.4534447162192887, 0.004380095919557965
1624160144.9368207, -1.0724843762888399, 1.453480882313064, 0.0034154673139725426
1624160144.9467306, -1.0724906474048708, 1.4534862110542217, 0.003948461977427794
1624160144.9562373, -1.07250474440697, 1.4535336638669014, 0.003829973185276083
1624160144.9666433, -1.0725130376666976, 1.4535576897442395, 0.0038121098238630435
1624160144.9766004, -1.0724954241501277, 1.4535114615607554, 0.004000277160471887
1624160144.9866915, -1.0724984528340344, 1.4535155313649863, 0.004187226460832559
1624160144.9964955, -1.0724959006727397, 1.4535217375256868, 0.003606174391008835
1624160145.0063014, -1.072492963664923, 1.4534992102552442, 0.0032163030801687347
1624160145.0168147, -1.0724897123249824, 1.4534887780130452, 0.004104172259591959
1624160145.0261083, -1.0724781651026047, 1.453448021270275, 0.004229069591781934
1624160145.0706406, -1.072503077622894, 1.453485015756766, 0.004056858557334655
1624160145.07277, -1.0724919362867678, 1.4534726162474665, 0.0038705118654219265
1624160145.0769408, -1.0724817681166128, 1.4535156504964752, 0.0036950358998826803
1624160145.0868156, -1.0724880758830622, 1.4535088944942403, 0.0038073816749683367
1624160145.0974624, -1.0724699562069584, 1.4534821981324446, 0.0034775007600469747
1624160145.1073334, -1.0725135867689735, 1.4535055672762867, 0.004049083480863817
1624160145.119449, -1.072507556007066, 1.4534500789543012, 0.004037284074133765
1624160145.1265213, -1.0725190637844384, 1.4534711123180168, 0.003623100460343123
1624160145.1394835, -1.0725439888610813, 1.4535136751785425, 0.004068964145844965
1624160145.1746688, -1.0725062285538294, 1.4535435857631505, 0.003431475411863879
1624160145.1761894, -1.0724672523337655, 1.4535196431538921, 0.003456808600950958
1624160145.1782415, -1.072461624344083, 1.453459789912376, 0.0028966659320352572
1624160145.1866999, -1.0724860121536377, 1.4534886145014883, 0.0037454184469631543
1624160145.1975598, -1.0725005634704083, 1.4535219843120653, 0.0037978067305793994
1624160145.2097337, -1.0724723053980072, 1.4534509053363416, 0.004023909588742926
1624160145.2175484, -1.0725267221730785, 1.4534429992734976, 0.0038691131606564174
1624160145.2268076, -1.072499794730219, 1.4534759075804289, 0.003507497400171391
1624160145.2365992, -1.0724632513853949, 1.4535032339660396, 0.003955292815595292
1624160145.2766557, -1.072479184319607, 1.453513293264856, 0.003973355507876836
1624160145.278156, -1.0725169404629629, 1.453504164519808, 0.003949753338757151
